group_id,mouse,line,state,pair,n_a,n_b,integrated_crossnobis,spatiotemporal_crossnobis,integrated_cosine,min_trials,trial_imbalance,eligible_primary,integrated_crossnobis_robust_z,integrated_crossnobis_outlier_flag,spatiotemporal_crossnobis_robust_z,spatiotemporal_crossnobis_outlier_flag,integrated_cosine_robust_z,integrated_cosine_outlier_flag
193,m472,DAT,pre,17-18,4,8,-0.0748227855977716,-0.0237999523757171,0.0248827338218688,4,4,True,-0.8840984813852458,False,-0.6736877015187457,False,0.096662606863825,False
193,m472,DAT,pre,31-32,4,8,0.1229970793110704,-0.0038932260034265,0.0244053602218627,4,4,True,-0.47602082112919863,False,-1.078832963607843,False,0.6745,False
193,m472,DAT,pre,39-40,7,5,0.5968130114538241,0.5012329416968874,0.1797098517417907,5,2,True,-0.6745,False,-0.6745,False,0.5707132150006397,False
193,m472,DAT,post,17-18,8,5,-0.0964519712068929,0.0190248381795263,0.0259987711906433,5,3,True,-0.9097118739534186,False,-0.902525317606725,False,0.0,False
193,m472,DAT,post,31-32,6,9,0.0734208205080433,0.0576700021966979,0.0540528297424316,6,3,True,-0.5515892512688174,False,-1.0560998912355593,False,1.1333221847399821,False
193,m472,DAT,post,39-40,6,7,0.0886039113713557,0.093178729892444,0.0640461444854736,6,1,True,-0.6745,False,-0.6745,False,3.8831139011587186,True
186,m472,DAT,pre,17-18,14,5,0.921702136368992,0.5083085006045219,0.0324161052703857,5,9,True,2.75823131543472,False,2.277363686618563,False,0.9684401306908853,False
186,m472,DAT,pre,31-32,11,4,-0.0639336965780339,0.1274459182183595,0.0147827863693237,4,7,True,-1.0663329471147027,False,-0.42254708663467294,False,-3.155384637028691,False
186,m472,DAT,pre,39-40,6,7,0.2744382084551963,0.3905524775127086,0.0594721436500549,6,1,True,-0.865815965616229,False,-0.8085893973175555,False,-1.5605248971689725,False
186,m472,DAT,post,17-18,6,6,0.5728108808383314,0.4042039992302245,0.0781034231185913,6,0,True,0.6745,False,0.0,False,2.6863807565789344,False
186,m472,DAT,post,31-32,3,5,0.0514076870572069,0.2088482044483636,0.0660761594772338,3,2,True,-0.6785743792809958,False,0.020230638881865187,False,1.6742544165326556,False
186,m472,DAT,post,39-40,5,8,0.0516514748574857,0.0519380578322471,0.038880705833435,5,3,True,-0.7424596311317528,False,-0.7615105135156466,False,-0.6744999999999999,False
206,m462,TH,pre,17-18,4,7,0.1775787073492863,0.1619876754205767,0.0237960219383239,4,3,True,0.7667596448323939,False,0.25210247735390245,False,0.0,False
206,m462,TH,pre,31-32,5,7,0.0825358413522502,0.3036181062682007,0.0048521161079406,5,2,True,0.0,False,0.5362178751309494,False,0.3097532831737598,False
206,m462,TH,pre,39-40,9,10,1.0949402652094975,1.1069810705355934,0.0756285190582275,9,1,True,2.399478700999003,False,1.8316490046492433,False,0.0,False
206,m462,TH,post,17-18,6,6,-0.18274218750439,-0.1460682529390651,0.0084875226020812,6,0,True,-0.6745,False,-0.7966860557921386,False,-0.870389162037413,False
206,m462,TH,post,31-32,7,8,-0.1196021784132562,-0.0856283663537978,0.0053080320358276,7,1,True,-0.6745,False,-1.345088415210567,False,-1.030383979185024,False
206,m462,TH,post,39-40,6,3,0.4854762108972373,0.5320081464382705,0.0238956809043884,3,3,True,-0.05308280736014019,False,0.13806087354448315,False,-0.7183705501671348,False
187,m472,DAT,pre,17-18,5,8,-0.1049787965192526,-0.0538992518907072,0.0155990123748779,5,3,True,-0.9943196456645693,False,-0.8406171669654652,False,-0.9776690851638181,False
187,m472,DAT,pre,31-32,7,7,0.2803840419517521,0.2120081108530116,0.0069585442543029,7,0,True,0.0209943550873638,False,0.0,False,-6.269514508300529,True
187,m472,DAT,pre,39-40,9,9,1.3547423961427665,0.9453975024164584,0.1094588637351989,9,0,True,-0.22470060267769623,False,-0.13639457465956706,False,-0.6745,False
187,m472,DAT,post,17-18,8,5,0.6363733409973252,0.5229547815088745,0.0765594244003295,5,3,True,0.824958678251523,False,0.2782486653736156,False,2.606776185941812,False
187,m472,DAT,post,31-32,10,10,0.2852596151533094,0.2471465515753055,0.0111454129219055,10,0,True,0.6704256207190041,False,0.29290010876444084,False,-0.797091873023319,False
187,m472,DAT,post,39-40,6,10,0.2586925369899748,0.2316000613991602,0.0415588617324829,6,4,True,-0.3616881438072573,False,-0.38245550765179664,False,-0.18946968824017887,False
189,m465,TH,pre,17-18,6,4,-0.228157461818625,-0.0845665420936647,0.0861621499061584,4,2,True,-0.4376369607528355,False,-0.717412062408392,False,3.047304316099454,False
189,m465,TH,pre,31-32,4,7,0.9638827796669748,0.8143966063773143,0.004140555858612,4,3,True,2.7918717926128167,False,2.184963377970428,False,-0.7917762653898447,False
189,m465,TH,pre,39-40,8,7,0.3619668360214326,0.3330762013750843,0.3952949643135071,7,1,True,0.0,False,0.03561726972433871,False,10.840854576485562,True
189,m465,TH,post,17-18,5,8,0.6569532886496194,0.4736077336104839,0.0288045406341552,5,3,True,0.4053639749754077,False,0.0,False,0.8167790065384324,False
189,m465,TH,post,31-32,5,3,0.0241805367821538,0.0907013084316926,0.0209614038467407,3,2,True,-0.10494999078073114,False,-0.34517127293829497,False,0.7220441724953306,False
189,m465,TH,post,39-40,10,7,-0.0222654910866324,0.0109454005093308,0.0589311718940734,7,3,True,-0.8040863503140245,False,-0.697108781514617,False,0.151240849739864,False
190,m472,DAT,pre,17-18,11,7,0.3384737263699188,0.2976343155911767,0.0240474343299865,7,4,True,0.6265132125909192,False,1.1089734033102523,False,0.0,False
190,m472,DAT,pre,31-32,7,8,0.056616122415375,0.0770238671173868,0.0115849375724792,7,1,True,-0.6856464625125985,False,-0.6745,False,-4.428161771947105,True
190,m472,DAT,pre,39-40,11,4,1.7333716040532146,1.0579807128530978,0.1475120186805725,4,7,True,0.0,False,0.0,False,0.0,False
190,m472,DAT,post,17-18,8,9,0.1148022738919915,0.1163413331527449,0.0129162669181823,8,1,True,-0.40965202080904656,False,-0.6745,False,-0.6745,False
190,m472,DAT,post,31-32,8,6,-0.001921215112016,0.019566739924323,0.0281353592872619,6,2,True,-0.9862078874243084,False,-1.327380432146851,False,-0.032710473846691554,False
190,m472,DAT,post,39-40,5,5,0.4553572031937397,0.412873812482672,0.0419772863388061,5,0,True,0.0,False,0.0,False,-0.11369044875487916,False
195,m466,TH,pre,17-18,3,6,-0.0807266710652235,0.1334700219085426,0.081869900226593,3,3,True,0.0,False,0.13996373562573342,False,2.837578437637638,False
195,m466,TH,pre,31-32,8,8,-0.1303924569550797,-0.0437356682748981,0.0046712756156921,8,0,True,-0.6744999999999999,False,-0.5850078098771536,False,0.029803488372168573,False
195,m466,TH,pre,39-40,8,7,0.2925229522768473,0.2133924350025747,0.1080734729766845,7,1,True,-0.22733309738712212,False,-0.2421375954098452,False,1.1003063736948744,False
195,m466,TH,post,17-18,5,8,-0.1909905295066725,-0.1448456145393821,0.0189688205718994,5,3,True,-0.6851075209816988,False,-0.7951141714760669,False,0.0,False
195,m466,TH,post,31-32,6,7,0.0506751279329325,0.0326260691090151,0.0070199966430664,6,1,True,0.0,False,-0.6745,False,-0.8387259128817569,False
195,m466,TH,post,39-40,11,5,0.1529571018815103,0.0391566596391423,0.0818151831626892,5,6,True,-0.5449136496859754,False,-0.6518912184853831,False,0.7192419398529566,False
231,m462,TH,pre,17-18,4,5,0.251259422759399,0.3919073314749024,0.0916048884391784,4,1,True,0.9854751803958656,False,1.1562056469090487,False,3.31324483803833,False
231,m462,TH,pre,31-32,6,4,-0.2571803664004192,-0.1642794061245772,0.006523847579956,4,2,True,-1.0761302464290046,False,-0.9741117867138117,False,2.897674145006926,False
231,m462,TH,pre,39-40,9,6,0.0194352897937181,0.0270887279757847,0.0145496726036071,6,3,True,-1.1213191595554761,False,-0.6745,False,-2.0713681462101925,False
231,m462,TH,post,17-18,6,6,1.0069827804389204,0.7340921900315603,0.0371201634407043,6,0,True,0.8555084012541673,False,0.3348916832114052,False,1.5073259204085863,False
231,m462,TH,post,31-32,5,6,0.2356544436307051,0.1515702901997143,0.0145118236541748,5,1,True,0.732737386533953,False,0.0,False,0.0,False
231,m462,TH,post,39-40,9,8,0.5572531158346204,0.3597356567981966,0.0080687999725341,8,1,True,0.053082807360140115,False,-0.13806087354448307,False,-1.1112075190385948,False
232,m465,TH,pre,17-18,13,6,-0.0678232477963028,-0.0736537093973986,0.009991705417633,6,7,True,0.038302819335502884,False,-0.6745,False,-0.6745,False
232,m465,TH,pre,31-32,8,3,0.0148456123431948,-0.0714601937178509,0.0046520233154296,3,5,True,-0.21442457310539711,False,-0.6745,False,0.0,False
232,m465,TH,pre,39-40,8,5,0.1559260081609834,0.0023935135489899,0.0955176353454589,5,3,True,-0.6745,False,-0.7318111639152898,False,0.6745,False
232,m465,TH,post,17-18,5,3,0.3417447958480991,0.5450643308238238,0.0127277374267578,3,2,True,0.0,False,0.09186813081334608,False,-0.5182727506219195,False
232,m465,TH,post,31-32,3,5,1.0926551262717292,0.9660466887081554,0.020536720752716,3,2,True,4.1274760798167245,True,4.618671893063504,True,0.6745,False
213,m392,Thy1,pre,17-18,8,4,-0.2659659725295575,-0.0144463544387395,0.0141337513923645,4,4,True,-0.9650084765277812,False,-1.4475484121099567,False,-1.4534514177667968,False
213,m392,Thy1,pre,31-32,6,4,0.1450620776755606,0.2101754274980697,0.0106048583984375,4,2,True,-0.9098412251025486,False,-2.0415966096199143,False,-0.6745,False
213,m392,Thy1,pre,39-40,7,7,1.2142821477191663,0.966847935006006,0.0966193675994873,7,0,True,-0.8683048114533742,False,-1.2555780819301237,False,-0.7741361995152342,False
213,m392,Thy1,post,17-18,6,4,0.102478016620018,0.1779584756038485,0.0156468749046325,4,2,True,-0.5674329170333441,False,-0.6327212779239856,False,0.05933353308738599,False
213,m392,Thy1,post,31-32,4,3,1.288209276171978,1.2397572369045902,0.0506787896156311,3,1,True,8.095952614612317,True,6.305924356044312,True,3.7458336314687606,True
213,m392,Thy1,post,39-40,4,3,3.0738562320881404,2.3542144905604863,0.0903894901275634,3,1,True,0.5916827849668018,False,1.0238047179089147,False,2.8042452979233214,False
214,m426,Thy1,pre,17-18,5,6,0.1051068871167209,0.0941430830037002,0.0198122859001159,5,1,True,-0.38399152347221877,False,-1.1486569218021463,False,0.2761195513208672,False
214,m426,Thy1,pre,39-40,5,3,1.3941654603737552,1.431192260001452,0.2811598777770996,3,2,True,-0.7990888338737185,False,-0.7364763822917972,False,0.76624443020832,False
214,m426,Thy1,post,17-18,4,4,1.6188738038018584,1.3451479006639089,0.0459107756614685,4,0,True,2.5742309411271154,False,2.6154002645868695,False,4.3349857363121975,True
214,m426,Thy1,post,31-32,6,5,0.216165908280362,0.1140768772290191,0.0228040218353271,5,1,True,-0.3513149765015376,False,-0.6688306885863796,False,-0.02846902482800033,False
214,m426,Thy1,post,39-40,6,7,0.850659273200704,0.343994208175624,0.0569749474525451,6,1,True,-0.41244750090554866,False,-0.5540291323451818,False,0.33568459037584036,False
215,m496,DAT,pre,17-18,7,5,0.2095168463950873,0.0976736763411385,0.0236005783081054,5,2,True,0.15517177788776335,False,0.0,False,-0.05171111486071867,False
215,m496,DAT,pre,31-32,5,6,0.6702601553030924,0.3582583520952163,0.0241215229034423,5,1,True,1.25219128479962,False,0.7307948319588403,False,0.5615297903770436,False
215,m496,DAT,pre,39-40,6,4,1.8824434676465065,1.466057742487309,0.1066578030586242,4,2,True,0.08846791766688662,False,0.4943853765533032,False,-0.7241493767484406,False
215,m496,DAT,post,17-18,2,2,4.8588536946518275,3.7487380159154697,0.1135236024856567,2,0,False,10.819990515671469,True,7.836682071328468,True,4.512553367382249,True
215,m496,DAT,post,31-32,5,6,0.9041301359744924,0.6024863005001037,0.0165951251983642,5,1,True,4.240446784900674,True,2.822782159454103,False,-0.551908126976681,False
215,m496,DAT,post,39-40,5,5,0.7133454577571399,0.6279316289888645,0.0638875961303711,5,0,True,0.4744690274989726,False,0.45373390187347423,False,3.854399830356598,True
216,m392,Thy1,pre,17-18,7,6,0.2969585030467128,0.3814380482029444,0.0179991722106933,6,1,True,-0.0835948805253681,False,-0.3578800071335353,False,-0.2761195513208672,False
216,m392,Thy1,pre,31-32,3,7,0.5157571388444642,0.3629094781821421,0.0510573983192443,3,4,True,0.0,False,0.0,False,6.712824454951876,True
216,m392,Thy1,pre,39-40,4,5,2.041745771760241,1.9143283213361624,0.099936306476593,4,1,True,-0.5499111661262813,False,-0.19636694820347367,False,-0.7464493334100463,False
216,m392,Thy1,post,17-18,5,5,-0.0100805625225624,0.0970186143374139,0.0084443092346191,5,0,True,-0.800631415082016,False,-0.8579653568907034,False,-0.9582374014494668,False
216,m392,Thy1,post,31-32,8,6,0.2608747390981494,0.1806461799591296,0.0179447531700134,6,2,True,0.0009725045044268505,False,-0.2563649508273929,False,-0.6864243045169024,False
216,m392,Thy1,post,39-40,7,3,2.6770199409646995,1.7557025432363988,0.0478872656822204,3,4,True,0.4124475009055486,False,0.5540291323451816,False,-0.3356845903758398,False
217,m426,Thy1,pre,17-18,6,7,1.7050427076580326,0.859968349636366,0.0168710947036743,6,1,True,2.1211494788136576,False,0.9592705216984855,False,-0.619709980217186,False
217,m426,Thy1,pre,31-32,4,6,0.4103559488283113,0.3558311094485857,0.0111181139945983,4,2,True,-0.25869874702179513,False,-0.09461658054208429,False,-0.5807707650846572,False
217,m426,Thy1,pre,39-40,3,5,12.46030861513816,9.10809659783214,0.2251033186912536,3,2,True,3.45897104500018,False,7.845719792427975,True,0.2983339551495677,False
217,m426,Thy1,post,17-18,4,5,0.1077604379976123,0.1778726782819033,0.0118260383605957,4,1,True,-0.5564888136100522,False,-0.6329600396225723,False,-0.4804702522519086,False
217,m426,Thy1,post,31-32,4,6,0.4641378780673112,0.2078110947236867,0.0251717567443847,4,2,True,1.6026037236398298,False,-0.08805018486162307,False,0.2921273018247058,False
217,m426,Thy1,post,39-40,6,3,0.27645915390879,0.1910095552422106,0.0164124369621276,3,3,True,-0.6717910231371838,False,-0.6741076959150126,False,-2.6609453671243135,False
218,m496,DAT,pre,17-18,7,6,-0.0174775911870008,-0.0074509165479535,0.017320692539215,6,1,True,-0.6745,False,-0.5830166275976176,False,-0.7784326502229323,False
218,m496,DAT,pre,31-32,8,5,0.4873259492478058,0.4346948656425762,0.0227106809616088,5,3,True,0.6745000000000001,False,1.112738879359445,False,0.0,False
218,m496,DAT,pre,39-40,4,4,6.08364138792356,3.2366126488507807,0.1630754470825195,4,0,True,2.58170321207083,False,2.6394128849024763,False,0.2758649702549698,False
218,m496,DAT,post,17-18,5,7,0.0678595374256227,0.086910822323742,0.0223584771156311,5,2,True,-0.5207701566485393,False,-0.7434595487482198,False,-0.18768412396121759,False
218,m496,DAT,post,31-32,7,4,0.2646590857805392,0.2031651330665096,0.0295894742012023,4,3,True,0.5515892512688173,False,-0.02023063888186538,False,0.0327104738466914,False
218,m496,DAT,post,39-40,4,4,0.8393332146569328,1.0468707032756697,0.0426050424575805,4,0,True,0.7061744925178522,False,1.3376211462970686,False,0.0,False
219,m357,TH,pre,17-18,9,5,-0.3963301617342115,0.0978762810183506,0.0109795928001403,5,4,True,-0.9368446832140122,False,0.0,False,-0.626230312869715,False
219,m357,TH,pre,31-32,5,6,0.6015452397345218,0.4575358213200477,0.0042163133621215,5,1,True,1.6440832054345649,False,1.0330499470463685,False,-0.6745,False
219,m357,TH,pre,39-40,10,4,0.4663779160076208,0.3177288230800001,0.0726104974746704,4,6,True,0.34180251643321274,False,0.0,False,-0.10235022656165642,False
219,m357,TH,post,17-18,8,7,-0.1149823433339295,-0.0510298571806404,0.0108464360237121,7,1,True,-0.5873595821371231,False,-0.6745,False,-0.6745,False
219,m357,TH,post,31-32,8,6,-0.0620983523864177,0.2179841427905406,0.0092018842697143,6,2,True,-0.4467166770935021,False,0.3766147120199618,False,-0.5944589685499864,False
219,m357,TH,post,39-40,5,5,2.957823228807276,2.2208945784831275,0.0782451033592224,5,0,True,3.6037792597247016,True,2.845041385786393,False,0.6306294498328651,False
220,m392,Thy1,pre,17-18,7,4,1.1745649000952936,0.5414477206239905,0.0165672898292541,4,3,True,1.2905400946956649,False,0.08254523661028652,False,-0.7122430255561272,False
220,m392,Thy1,pre,31-32,7,7,0.2409467523066987,0.3921878222122141,0.0137001872062683,7,0,True,-0.6745,False,0.39136373087310494,False,-0.10924011167233885,False
220,m392,Thy1,pre,39-40,6,4,2.560662297911134,1.9922032811857155,0.1171756386756897,4,2,True,-0.3502410905104218,False,-0.10930865580899692,False,-0.6025506665899538,False
220,m392,Thy1,post,17-18,5,6,0.3746185554808157,0.353264850616923,0.0148069262504577,5,1,True,-0.003613034053970651,False,-0.14486866292093825,False,-0.05933353308738623,False
220,m392,Thy1,post,31-32,4,7,0.2212027591695042,0.236232555586555,0.0157750844955444,4,3,True,-0.31162663128020385,False,0.0880501848616229,False,-0.9802020430750858,False
220,m392,Thy1,post,39-40,6,3,4.48775970736611,2.7873698748645612,0.0576487779617309,3,3,True,1.2302871583450679,False,1.3637909541257593,False,0.38546505676439846,False
221,m426,Thy1,pre,17-18,5,4,0.4037360805518253,0.6614845134102101,0.0209963321685791,4,1,True,0.0835948805253681,False,0.4129454738033462,False,0.6367569744438728,False
221,m426,Thy1,pre,31-32,9,3,0.722432755246297,0.3124494036008143,0.0142983794212341,3,6,True,0.5072686844894017,False,-0.6744999999999999,False,0.0,False
221,m426,Thy1,pre,39-40,2,5,7.0103065292497835,6.696918771733773,0.2556407451629638,2,3,False,1.3619048045630964,False,5.150206053415049,True,0.5532333275061111,False
221,m426,Thy1,post,17-18,5,7,0.3781063822285147,0.4573799024528224,0.014336884021759,5,2,True,0.0036130340539707656,False,0.14486866292093825,False,-0.12574060687777777,False
221,m426,Thy1,post,31-32,6,5,0.7516051262989815,0.4024123456479315,0.0340256094932556,5,1,True,3.8677292234317124,True,1.117706000638941,False,1.4909577355668655,False
221,m426,Thy1,post,39-40,3,9,0.2644635210554754,0.1900099346188139,0.0457608103752136,3,6,True,-0.677208976862816,False,-0.6748923040849871,False,-0.49278038151941606,False
222,m496,DAT,pre,17-18,4,8,0.167062551348534,0.2192937718020013,0.0298760533332824,4,4,True,0.0,False,0.6745,False,0.6745,False
222,m496,DAT,pre,31-32,8,6,0.273735879203578,0.2484716336507516,0.0234276056289672,6,2,True,0.0,False,0.18220382947246638,False,0.2853434862127192,False
222,m496,DAT,pre,39-40,4,5,3.811530402812997,2.0279820526880212,0.2277792692184448,4,1,True,1.2333003497493642,False,1.1751567543053247,False,1.4227535289916107,False
222,m496,DAT,post,17-18,7,5,0.287863014251531,0.5615802471867285,0.0134763717651367,5,2,True,0.0,False,0.36875319989599176,False,-0.6456224463296373,False
222,m496,DAT,post,39-40,8,4,1.739559194937147,1.3117339352933368,0.0486208200454711,4,4,True,2.3617899627480914,False,1.8964356533844453,False,1.0894938864349277,False
229,m357,TH,pre,17-18,5,2,-0.307951693814916,-0.127243247293203,0.019562542438507,2,3,False,-0.6745,False,-0.8852278337922723,False,-0.2068542776707921,False
229,m357,TH,pre,31-32,5,6,0.1017947150653522,0.1374987376213174,0.0038757920265197,5,1,True,0.061006970058709795,False,0.0,False,-1.2016434336525263,False
229,m357,TH,pre,39-40,6,6,1.6462676813849264,1.7179519774974856,0.0756219029426574,6,0,True,4.204316829790611,True,3.249553429013091,False,-0.0002243724601728409,False
229,m357,TH,post,17-18,5,4,2.366552521482033,1.7036842331346942,0.0224798917770385,4,1,True,2.6039403346302454,False,1.5814471046155094,False,0.2915667823674818,False
229,m357,TH,post,31-32,4,3,0.2244970197589963,0.5952040611850211,0.0201681852340698,3,1,True,0.6885407606713898,False,2.515725234783918,False,0.6332416675735344,False
229,m357,TH,post,39-40,2,4,1.585225249542455,2.0314353904014157,0.0467445850372314,2,2,False,1.5735620420891667,False,2.54137245916626,False,-0.1512408497398638,False
223,m392,Thy1,pre,17-18,5,2,0.1733292129873261,0.4814691591879786,0.0245847702026367,2,3,False,-0.2771706475248709,False,-0.0825452366102862,False,1.729725281601996,False
223,m392,Thy1,pre,31-32,4,2,1.136249818540816,0.7115367741155898,0.0297081470489501,2,2,False,1.522949396956925,False,4.6601023295777075,True,2.8140866670970155,False
223,m392,Thy1,pre,39-40,8,4,4.66992555938216,2.6378931720872503,0.1536213755607605,4,4,True,0.4613668149761118,False,0.6125236177082028,False,-0.2983339551495677,False
223,m392,Thy1,post,17-18,8,3,0.7536036650864566,0.6626262547102274,0.0213745236396789,3,5,True,0.7815670829666559,False,0.7160399603774276,False,0.8685297477480912,False
223,m392,Thy1,post,31-32,4,5,0.2606278978579566,0.3317967534806375,0.0232245326042175,4,1,True,-0.0009725045044268505,False,0.6801693114136204,False,0.02846902482800033,False
223,m392,Thy1,post,39-40,6,3,3.634637344025128,2.0768407492571064,0.1094976067543029,3,3,True,0.8449654714107844,False,0.806092419393609,False,4.215892506707933,True
224,m426,Thy1,pre,17-18,3,3,1.4658184325813068,0.8515338107720649,0.0290427207946777,3,0,True,1.7465778662885625,False,0.9360545261966539,False,3.087530172123729,False
224,m426,Thy1,pre,31-32,2,5,1.4443514738143874,1.2032031963958925,0.0331961512565612,2,3,False,2.2791601395718706,False,11.232209179986128,True,3.4510557877580212,False
224,m426,Thy1,pre,39-40,6,6,4.381124271918948,2.1877597743859956,0.3120465278625488,6,0,True,0.3502410905104216,False,0.1093086558089964,False,1.0240588117925273,False
224,m426,Thy1,post,17-18,7,3,1.0104831964272467,0.9672333749888598,0.0283379554748535,3,4,True,1.3137692602190656,False,1.5637180905389556,False,1.8523161045462944,False
224,m426,Thy1,post,31-32,7,5,0.1341350368047403,0.0302375153977106,0.0181208848953247,5,2,True,-0.9976850234984623,False,-1.1883023190944115,False,-0.6625756954830976,False
224,m426,Thy1,post,39-40,5,5,0.1644241180948496,0.2876549256584017,0.0408412814140319,5,0,True,-0.7223928252356666,False,-0.5982501701257981,False,-0.8562196184805838,False
