group_id,mouse,line,state,pair,n_a,n_b,integrated_crossnobis,spatiotemporal_crossnobis,integrated_cosine
193,m472,DAT,pre,17-18,4,8,-0.07482278559777161,-0.02379995237571715,0.024882733821868896
193,m472,DAT,pre,31-32,4,8,0.12299707931107048,-0.003893226003426542,0.024405360221862793
193,m472,DAT,pre,39-40,7,5,0.5968130114538241,0.5012329416968874,0.17970985174179077
193,m472,DAT,post,17-18,8,5,-0.09645197120689296,0.01902483817952631,0.02599877119064331
193,m472,DAT,post,31-32,6,9,0.07342082050804333,0.05767000219669793,0.05405282974243164
193,m472,DAT,post,39-40,6,7,0.08860391137135577,0.09317872989244406,0.06404614448547363
186,m472,DAT,pre,17-18,14,5,0.9217021363689921,0.5083085006045219,0.03241610527038574
186,m472,DAT,pre,31-32,11,4,-0.06393369657803397,0.12744591821835957,0.01478278636932373
186,m472,DAT,pre,39-40,6,7,0.2744382084551963,0.3905524775127086,0.05947214365005493
186,m472,DAT,post,17-18,6,6,0.5728108808383314,0.4042039992302245,0.07810342311859131
186,m472,DAT,post,31-32,3,5,0.05140768705720696,0.20884820444836366,0.06607615947723389
186,m472,DAT,post,39-40,5,8,0.05165147485748574,0.05193805783224712,0.03888070583343506
206,m462,TH,pre,17-18,4,7,0.17757870734928632,0.1619876754205767,0.023796021938323975
206,m462,TH,pre,31-32,5,7,0.08253584135225027,0.30361810626820074,0.004852116107940674
206,m462,TH,pre,39-40,9,10,1.0949402652094977,1.1069810705355934,0.07562851905822754
206,m462,TH,post,17-18,6,6,-0.18274218750439,-0.14606825293906517,0.008487522602081299
206,m462,TH,post,31-32,7,8,-0.11960217841325628,-0.08562836635379785,0.005308032035827637
206,m462,TH,post,39-40,6,3,0.4854762108972373,0.5320081464382705,0.023895680904388428
187,m472,DAT,pre,17-18,5,8,-0.1049787965192526,-0.053899251890707225,0.01559901237487793
187,m472,DAT,pre,31-32,7,7,0.2803840419517521,0.21200811085301166,0.0069585442543029785
187,m472,DAT,pre,39-40,9,9,1.3547423961427663,0.9453975024164584,0.10945886373519897
187,m472,DAT,post,17-18,8,5,0.6363733409973252,0.5229547815088745,0.07655942440032959
187,m472,DAT,post,31-32,10,10,0.28525961515330944,0.2471465515753055,0.011145412921905518
187,m472,DAT,post,39-40,6,10,0.25869253698997485,0.23160006139916028,0.04155886173248291
189,m465,TH,pre,17-18,6,4,-0.228157461818625,-0.08456654209366475,0.08616214990615845
189,m465,TH,pre,31-32,4,7,0.9638827796669749,0.8143966063773143,0.0041405558586120605
189,m465,TH,pre,39-40,8,7,0.3619668360214326,0.33307620137508437,0.3952949643135071
189,m465,TH,post,17-18,5,8,0.6569532886496194,0.47360773361048397,0.028804540634155273
189,m465,TH,post,31-32,5,3,0.02418053678215386,0.0907013084316926,0.020961403846740723
189,m465,TH,post,39-40,10,7,-0.022265491086632425,0.010945400509330834,0.058931171894073486
190,m472,DAT,pre,17-18,11,7,0.3384737263699188,0.29763431559117676,0.024047434329986572
190,m472,DAT,pre,31-32,7,8,0.056616122415375045,0.07702386711738682,0.011584937572479248
190,m472,DAT,pre,39-40,11,4,1.7333716040532146,1.0579807128530978,0.1475120186805725
190,m472,DAT,post,17-18,8,9,0.11480227389199153,0.11634133315274495,0.012916266918182373
190,m472,DAT,post,31-32,8,6,-0.0019212151120160713,0.019566739924323076,0.028135359287261963
190,m472,DAT,post,39-40,5,5,0.4553572031937397,0.412873812482672,0.04197728633880615
195,m466,TH,pre,17-18,3,6,-0.08072667106522352,0.1334700219085426,0.08186990022659302
195,m466,TH,pre,31-32,8,8,-0.1303924569550797,-0.0437356682748981,0.004671275615692139
195,m466,TH,pre,39-40,8,7,0.2925229522768473,0.2133924350025747,0.10807347297668457
195,m466,TH,post,17-18,5,8,-0.19099052950667253,-0.14484561453938213,0.018968820571899414
195,m466,TH,post,31-32,6,7,0.050675127932932565,0.032626069109015124,0.007019996643066406
195,m466,TH,post,39-40,11,5,0.15295710188151032,0.039156659639142354,0.08181518316268921
231,m462,TH,pre,17-18,4,5,0.25125942275939905,0.3919073314749024,0.09160488843917847
231,m462,TH,pre,31-32,6,4,-0.25718036640041925,-0.16427940612457725,0.006523847579956055
231,m462,TH,pre,39-40,9,6,0.019435289793718155,0.027088727975784755,0.014549672603607178
231,m462,TH,post,17-18,6,6,1.0069827804389204,0.7340921900315603,0.037120163440704346
231,m462,TH,post,31-32,5,6,0.23565444363070517,0.15157029019971432,0.014511823654174805
231,m462,TH,post,39-40,9,8,0.5572531158346204,0.35973565679819663,0.00806879997253418
232,m465,TH,pre,17-18,13,6,-0.06782324779630285,-0.07365370939739861,0.009991705417633057
232,m465,TH,pre,31-32,8,3,0.014845612343194871,-0.07146019371785098,0.0046520233154296875
232,m465,TH,pre,39-40,8,5,0.15592600816098348,0.0023935135489899216,0.09551763534545898
232,m465,TH,post,17-18,5,3,0.3417447958480991,0.5450643308238238,0.012727737426757812
232,m465,TH,post,31-32,3,5,1.0926551262717292,0.9660466887081554,0.020536720752716064
213,m392,Thy1,pre,17-18,8,4,-0.26596597252955756,-0.014446354438739591,0.014133751392364502
213,m392,Thy1,pre,31-32,6,4,0.14506207767556065,0.21017542749806978,0.0106048583984375
213,m392,Thy1,pre,39-40,7,7,1.2142821477191665,0.9668479350060061,0.0966193675994873
213,m392,Thy1,post,17-18,6,4,0.10247801662001808,0.1779584756038485,0.01564687490463257
213,m392,Thy1,post,31-32,4,3,1.2882092761719781,1.2397572369045902,0.050678789615631104
213,m392,Thy1,post,39-40,4,3,3.0738562320881404,2.3542144905604863,0.09038949012756348
214,m426,Thy1,pre,17-18,5,6,0.10510688711672095,0.0941430830037002,0.019812285900115967
214,m426,Thy1,pre,39-40,5,3,1.3941654603737552,1.431192260001452,0.2811598777770996
214,m426,Thy1,post,17-18,4,4,1.6188738038018584,1.3451479006639089,0.045910775661468506
214,m426,Thy1,post,31-32,6,5,0.21616590828036206,0.11407687722901914,0.02280402183532715
214,m426,Thy1,post,39-40,6,7,0.850659273200704,0.34399420817562404,0.056974947452545166
215,m496,DAT,pre,17-18,7,5,0.20951684639508736,0.09767367634113858,0.02360057830810547
215,m496,DAT,pre,31-32,5,6,0.6702601553030924,0.3582583520952163,0.024121522903442383
215,m496,DAT,pre,39-40,6,4,1.8824434676465063,1.466057742487309,0.10665780305862427
215,m496,DAT,post,17-18,2,2,4.8588536946518275,3.7487380159154697,0.11352360248565674
215,m496,DAT,post,31-32,5,6,0.9041301359744924,0.6024863005001037,0.016595125198364258
215,m496,DAT,post,39-40,5,5,0.7133454577571399,0.6279316289888645,0.0638875961303711
216,m392,Thy1,pre,17-18,7,6,0.2969585030467128,0.3814380482029444,0.01799917221069336
216,m392,Thy1,pre,31-32,3,7,0.5157571388444642,0.36290947818214214,0.051057398319244385
216,m392,Thy1,pre,39-40,4,5,2.041745771760241,1.9143283213361626,0.09993630647659302
216,m392,Thy1,post,17-18,5,5,-0.010080562522562462,0.09701861433741395,0.00844430923461914
216,m392,Thy1,post,31-32,8,6,0.2608747390981494,0.18064617995912968,0.017944753170013428
216,m392,Thy1,post,39-40,7,3,2.6770199409646995,1.7557025432363988,0.04788726568222046
217,m426,Thy1,pre,17-18,6,7,1.7050427076580326,0.859968349636366,0.016871094703674316
217,m426,Thy1,pre,31-32,4,6,0.4103559488283113,0.35583110944858576,0.011118113994598389
217,m426,Thy1,pre,39-40,3,5,12.460308615138159,9.10809659783214,0.22510331869125366
217,m426,Thy1,post,17-18,4,5,0.1077604379976123,0.1778726782819033,0.011826038360595703
217,m426,Thy1,post,31-32,4,6,0.46413787806731127,0.20781109472368672,0.025171756744384766
217,m426,Thy1,post,39-40,6,3,0.27645915390879006,0.19100955524221067,0.016412436962127686
218,m496,DAT,pre,17-18,7,6,-0.017477591187000884,-0.007450916547953538,0.017320692539215088
218,m496,DAT,pre,31-32,8,5,0.4873259492478058,0.43469486564257626,0.022710680961608887
218,m496,DAT,pre,39-40,4,4,6.08364138792356,3.2366126488507807,0.16307544708251953
218,m496,DAT,post,17-18,5,7,0.0678595374256227,0.08691082232374202,0.022358477115631104
218,m496,DAT,post,31-32,7,4,0.2646590857805392,0.20316513306650963,0.029589474201202393
218,m496,DAT,post,39-40,4,4,0.8393332146569328,1.0468707032756697,0.042605042457580566
219,m357,TH,pre,17-18,9,5,-0.3963301617342115,0.09787628101835064,0.01097959280014038
219,m357,TH,pre,31-32,5,6,0.6015452397345218,0.4575358213200477,0.004216313362121582
219,m357,TH,pre,39-40,10,4,0.46637791600762085,0.3177288230800001,0.07261049747467041
219,m357,TH,post,17-18,8,7,-0.11498234333392957,-0.051029857180640424,0.010846436023712158
219,m357,TH,post,31-32,8,6,-0.06209835238641775,0.2179841427905406,0.009201884269714355
219,m357,TH,post,39-40,5,5,2.957823228807276,2.2208945784831275,0.07824510335922241
220,m392,Thy1,pre,17-18,7,4,1.1745649000952936,0.5414477206239905,0.01656728982925415
220,m392,Thy1,pre,31-32,7,7,0.24094675230669876,0.3921878222122141,0.01370018720626831
220,m392,Thy1,pre,39-40,6,4,2.560662297911134,1.9922032811857155,0.1171756386756897
220,m392,Thy1,post,17-18,5,6,0.3746185554808157,0.353264850616923,0.014806926250457764
220,m392,Thy1,post,31-32,4,7,0.22120275916950422,0.236232555586555,0.015775084495544434
220,m392,Thy1,post,39-40,6,3,4.48775970736611,2.7873698748645612,0.05764877796173096
221,m426,Thy1,pre,17-18,5,4,0.4037360805518253,0.6614845134102101,0.0209963321685791
221,m426,Thy1,pre,31-32,9,3,0.722432755246297,0.3124494036008143,0.01429837942123413
221,m426,Thy1,pre,39-40,2,5,7.0103065292497835,6.696918771733773,0.25564074516296387
221,m426,Thy1,post,17-18,5,7,0.3781063822285147,0.4573799024528224,0.014336884021759033
221,m426,Thy1,post,31-32,6,5,0.7516051262989815,0.40241234564793155,0.034025609493255615
221,m426,Thy1,post,39-40,3,9,0.2644635210554754,0.19000993461881396,0.04576081037521362
222,m496,DAT,pre,17-18,4,8,0.167062551348534,0.21929377180200135,0.02987605333328247
222,m496,DAT,pre,31-32,8,6,0.27373587920357806,0.24847163365075164,0.023427605628967285
222,m496,DAT,pre,39-40,4,5,3.811530402812997,2.0279820526880212,0.22777926921844482
222,m496,DAT,post,17-18,7,5,0.287863014251531,0.5615802471867285,0.013476371765136719
222,m496,DAT,post,39-40,8,4,1.739559194937147,1.3117339352933368,0.04862082004547119
229,m357,TH,pre,17-18,5,2,-0.30795169381491605,-0.12724324729320302,0.01956254243850708
229,m357,TH,pre,31-32,5,6,0.10179471506535229,0.13749873762131742,0.0038757920265197754
229,m357,TH,pre,39-40,6,6,1.6462676813849264,1.7179519774974856,0.07562190294265747
229,m357,TH,post,17-18,5,4,2.366552521482033,1.7036842331346942,0.022479891777038574
229,m357,TH,post,31-32,4,3,0.22449701975899633,0.5952040611850211,0.020168185234069824
229,m357,TH,post,39-40,2,4,1.585225249542455,2.0314353904014157,0.046744585037231445
223,m392,Thy1,pre,17-18,5,2,0.17332921298732615,0.4814691591879786,0.02458477020263672
223,m392,Thy1,pre,31-32,4,2,1.136249818540816,0.7115367741155898,0.029708147048950195
223,m392,Thy1,pre,39-40,8,4,4.66992555938216,2.6378931720872503,0.1536213755607605
223,m392,Thy1,post,17-18,8,3,0.7536036650864566,0.6626262547102274,0.021374523639678955
223,m392,Thy1,post,31-32,4,5,0.26062789785795665,0.3317967534806375,0.02322453260421753
223,m392,Thy1,post,39-40,6,3,3.634637344025128,2.0768407492571064,0.10949760675430298
224,m426,Thy1,pre,17-18,3,3,1.4658184325813068,0.8515338107720649,0.029042720794677734
224,m426,Thy1,pre,31-32,2,5,1.4443514738143874,1.2032031963958925,0.03319615125656128
224,m426,Thy1,pre,39-40,6,6,4.381124271918948,2.1877597743859956,0.31204652786254883
224,m426,Thy1,post,17-18,7,3,1.0104831964272467,0.9672333749888598,0.028337955474853516
224,m426,Thy1,post,31-32,7,5,0.13413503680474034,0.030237515397710604,0.018120884895324707
224,m426,Thy1,post,39-40,5,5,0.16442411809484964,0.2876549256584017,0.04084128141403198
