group_id,cohort,population,state,date,mouse,mo_z,odor_z,mo_frac_responders,mo_over_odor,n_blank_trials,d
175,DAT 20x superficial,processes,post,20260706,m442,0.023898544,0.09488423,0.2979591836734694,0.251870558468989,6,2026-07-06
175,DAT 20x superficial,processes,pre,20260706,m442,0.014223748,0.29203576,0.4857142857142857,0.04870550099754907,2,2026-07-06
175,DAT 20x superficial,somas,post,20260706,m442,0.042489271499999995,0.12105708500000001,0.2584745762711864,0.3509854173343096,6,2026-07-06
175,DAT 20x superficial,somas,pre,20260706,m442,0.093284795,0.56317085,0.5805084745762712,0.16564208712151918,2,2026-07-06
177,DAT 20x superficial,processes,post,20260708,m442,-0.014485557,0.05083269,0.19305856832971802,-0.28496538349632883,5,2026-07-08
177,DAT 20x superficial,processes,pre,20260708,m442,-0.113431856,0.0034412509,0.2668112798264642,,6,2026-07-08
177,DAT 20x superficial,somas,post,20260708,m442,0.060292539,0.090382515,0.26811594202898553,0.6670818907838535,5,2026-07-08
177,DAT 20x superficial,somas,pre,20260708,m442,-0.24334654,-0.013321982,0.2644927536231884,,6,2026-07-08
186,DAT 10x,units,post,20260630,m472,0.9549171000000001,1.58941605,0.9516129032258065,0.6007974438159223,9,2026-06-30
186,DAT 10x,units,pre,20260630,m472,1.19450875,2.0368565,0.9758064516129032,0.5864471797595953,5,2026-06-30
187,DAT 10x,units,post,20260713,m472,0.17997518,0.63017935,0.5529411764705883,0.2855935853816854,6,2026-07-13
187,DAT 10x,units,pre,20260713,m472,0.7229307,1.3160684,0.9294117647058824,0.5493108868809554,8,2026-07-13
189,TH 10x,units,post,20260714,m465,-0.030338368,0.506173725,0.075,-0.05993667095225063,9,2026-07-14
189,TH 10x,units,pre,20260714,m465,0.39005030500000004,0.9070692499999999,0.75,0.4300116060598461,9,2026-07-14
190,DAT 10x,units,post,20260714,m472,0.11364964,0.9874574,0.34355828220858897,0.11509320807155832,11,2026-07-14
190,DAT 10x,units,pre,20260714,m472,-0.19809514,0.9003891,0.6073619631901841,-0.22001059319798516,7,2026-07-14
193,DAT 10x,units,post,20260626,m472,-0.33038402,0.89998657,0.0,-0.3670988334859263,4,2026-06-26
193,DAT 10x,units,pre,20260626,m472,1.2657756,0.81744385,0.9928057553956835,1.5484557135025239,3,2026-06-26
195,TH 10x,units,post,20260716,m466,0.927033725,1.20266325,0.9661016949152542,0.7708173713630977,10,2026-07-16
195,TH 10x,units,pre,20260716,m466,0.1521342,0.19532643,0.788135593220339,0.7788715536346003,8,2026-07-16
196,DAT 20x superficial,processes,post,20260721,m472,0.0592374,0.21851267,0.3076923076923077,0.271093662440718,7,2026-07-21
196,DAT 20x superficial,processes,pre,20260721,m472,0.50947696,0.52879536,0.8461538461538461,0.9634671529644283,9,2026-07-21
196,DAT 20x superficial,somas,post,20260721,m472,0.06445371,0.26162115,0.25766871165644173,0.24636276539568758,7,2026-07-21
196,DAT 20x superficial,somas,pre,20260721,m472,0.6358388,0.677974,0.901840490797546,0.9378513040323081,9,2026-07-21
199,TH 20x superficial,processes,post,20260727,m465,0.009472327,0.18185474,0.2297650130548303,0.052087325301501626,3,2026-07-27
199,TH 20x superficial,processes,pre,20260727,m465,-0.0010592642,0.091459386,0.2845953002610966,-0.011581798723205947,4,2026-07-27
199,TH 20x superficial,somas,post,20260727,m465,0.0062294025,0.19827384,0.2934131736526946,0.03141817649771649,3,2026-07-27
199,TH 20x superficial,somas,pre,20260727,m465,-0.076796554,0.051796187,0.2934131736526946,-1.4826680967848078,4,2026-07-27
200,TH 20x superficial,processes,post,20260727,m466,0.18081762,0.10861195,0.4735202492211838,1.6648041030475929,4,2026-07-27
200,TH 20x superficial,processes,pre,20260727,m466,0.31152,0.004776786,0.5950155763239875,,5,2026-07-27
200,TH 20x superficial,somas,post,20260727,m466,0.231863955,0.14479608500000002,0.48484848484848486,1.601313702646035,4,2026-07-27
200,TH 20x superficial,somas,pre,20260727,m466,0.352617685,-0.16405808,0.6363636363636364,,5,2026-07-27
201,DAT 20x superficial,processes,post,20260728,m472,0.114226736,0.36309695,0.3745583038869258,0.31459018314530046,4,2026-07-28
201,DAT 20x superficial,processes,pre,20260728,m472,-0.007914167,0.23919964,0.35335689045936397,-0.03308603223650337,6,2026-07-28
201,DAT 20x superficial,somas,post,20260728,m472,0.1891797,0.4315423,0.46511627906976744,0.438380432231093,4,2026-07-28
201,DAT 20x superficial,somas,pre,20260728,m472,0.0072792433,0.3412576,0.3687707641196013,0.021330640841405436,6,2026-07-28
202,DAT 20x superficial,processes,post,20260728,m496,1.3127049,1.1064319,0.8920454545454546,1.1864308142236317,4,2026-07-28
202,DAT 20x superficial,processes,pre,20260728,m496,0.17121638,0.13097391,0.5738636363636364,1.3072556206041341,4,2026-07-28
202,DAT 20x superficial,somas,post,20260728,m496,1.8912951,1.3938679999999999,0.9112149532710281,1.356868153942841,4,2026-07-28
202,DAT 20x superficial,somas,pre,20260728,m496,0.39611055,0.21091236,0.677570093457944,1.8780812561198406,4,2026-07-28
203,TH 20x deep,processes,post,20260730,m462,-0.0009457145,0.17658119,0.11297071129707113,-0.0053556921889585185,2,2026-07-30
203,TH 20x deep,processes,pre,20260730,m462,-0.010772337,0.104513794,0.45188284518828453,-0.10307095922668352,4,2026-07-30
203,TH 20x deep,somas,post,20260730,m462,-0.024390432,0.223474355,0.1951219512195122,-0.10914197291228338,2,2026-07-30
203,TH 20x deep,somas,pre,20260730,m462,0.20340648,0.362257245,0.5853658536585366,0.5614973414817418,4,2026-07-30
204,TH 20x deep,processes,post,20260730,m465,0.0059098355,-0.0151308235,0.16352201257861634,,3,2026-07-30
204,TH 20x deep,processes,pre,20260730,m465,-0.141961075,-0.049609602,0.0880503144654088,,3,2026-07-30
204,TH 20x deep,somas,post,20260730,m465,0.16301871,0.110136895,0.4305555555555556,1.480146230743113,3,2026-07-30
204,TH 20x deep,somas,pre,20260730,m465,-0.33421235,-0.08635794,0.041666666666666664,,3,2026-07-30
205,TH 20x deep,processes,post,20260710,m357,0.049022963,0.22363517,0.3191489361702128,0.21920954114685987,8,2026-07-10
205,TH 20x deep,processes,pre,20260710,m357,-0.0695988875,-0.263069345,0.20212765957446807,,3,2026-07-10
205,TH 20x deep,somas,post,20260710,m357,0.074732273,0.23201634999999998,0.3625,0.3220991667182076,8,2026-07-10
205,TH 20x deep,somas,pre,20260710,m357,-0.0363293035,-0.38050274500000003,0.25,,3,2026-07-10
206,TH 10x,units,post,20260713,m462,0.26749456000000005,1.1612013,0.7903225806451613,0.23036019680653133,10,2026-07-13
206,TH 10x,units,pre,20260713,m462,0.24547144999999998,0.8858263,0.7258064516129032,0.27711013999019896,6,2026-07-13
212,TH 20x deep,processes,post,20260721,m462,0.05942857,0.19627988,0.40397350993377484,0.30277463996819237,6,2026-07-21
212,TH 20x deep,processes,pre,20260721,m462,0.14173232,0.038877934,0.4900662251655629,3.6455723187348377,4,2026-07-21
212,TH 20x deep,somas,post,20260721,m462,0.09641313,0.21948528,0.42528735632183906,0.4392692302645535,6,2026-07-21
212,TH 20x deep,somas,pre,20260721,m462,0.32975325,0.05435684,0.5632183908045977,6.066453642264709,4,2026-07-21
213,Thy1 10x,units,post,20260803,m392,0.5447537250000001,0.90757873,0.8166666666666667,0.6002275141463486,5,2026-08-03
213,Thy1 10x,units,pre,20260803,m392,0.3797125,0.80008905,0.7666666666666667,0.4745877974457968,4,2026-08-03
214,Thy1 10x,units,post,20260803,m426,0.115084745,0.7274006,0.41379310344827586,0.15821370645006344,7,2026-08-03
214,Thy1 10x,units,pre,20260803,m426,0.16684236,0.66571593,0.6059113300492611,0.25062095179245597,7,2026-08-03
215,DAT 10x,units,post,20260803,m496,0.09449387,0.9901928,0.4975609756097561,0.09542976882885837,7,2026-08-03
215,DAT 10x,units,pre,20260803,m496,0.43821636,0.24302107,0.6926829268292682,1.8032031543602371,4,2026-08-03
216,Thy1 10x,units,post,20260805,m392,0.21427414,0.65550195,0.626984126984127,0.32688558744943474,7,2026-08-05
216,Thy1 10x,units,pre,20260805,m392,0.277920165,0.69870587,0.6587301587301587,0.3977641765053441,2,2026-08-05
217,Thy1 10x,units,post,20260805,m426,0.013693668,0.6637961,0.3217391304347826,0.020629328795393646,5,2026-08-05
217,Thy1 10x,units,pre,20260805,m426,0.053829893,0.5315776,0.43478260869565216,0.10126441181870718,3,2026-08-05
218,DAT 10x,units,post,20260805,m496,0.6455981,1.286974,0.8358974358974359,0.5016403594789016,8,2026-08-05
218,DAT 10x,units,pre,20260805,m496,0.077230014,-0.05401259,0.5128205128205128,,5,2026-08-05
219,TH 10x,units,post,20260806,m357,0.021319332,0.65319824,0.11494252873563218,0.03263837942980373,4,2026-08-06
219,TH 10x,units,pre,20260806,m357,0.50944287,0.5854243,0.9885057471264368,0.8702113492726558,2,2026-08-06
220,Thy1 10x,units,post,20260807,m392,0.074414695,0.64353275,0.136986301369863,0.11563466661176142,5,2026-08-07
220,Thy1 10x,units,pre,20260807,m392,0.034070874,0.667340515,0.3356164383561644,0.05105470630686944,4,2026-08-07
221,Thy1 10x,units,post,20260807,m426,-0.25082415,0.92250264,0.040268456375838924,-0.27189531945404516,2,2026-08-07
221,Thy1 10x,units,pre,20260807,m426,-0.02125039,0.5954627,0.2751677852348993,-0.035687189138799126,4,2026-08-07
222,DAT 10x,units,post,20260807,m496,0.23733371,0.4980371,0.3902439024390244,0.4765382137194197,4,2026-08-07
222,DAT 10x,units,pre,20260807,m496,0.03542113,0.20984785,0.7560975609756098,0.16879434313956518,7,2026-08-07
223,Thy1 10x,units,post,20260810,m392,-0.070583348,0.619349115,0.038461538461538464,-0.11396375047698261,5,2026-08-10
223,Thy1 10x,units,pre,20260810,m392,0.151681695,0.500090965,0.45384615384615384,0.3033082091375116,5,2026-08-10
224,Thy1 10x,units,post,20260810,m426,0.17578338,0.6225357,0.5147058823529411,0.2823667461962422,5,2026-08-10
224,Thy1 10x,units,pre,20260810,m426,0.034394453,0.44211385000000003,0.4338235294117647,0.07779546603210914,5,2026-08-10
225,TH 20x superficial,processes,post,20260811,m357,0.026118195,0.06598705,0.20595533498759305,0.3958078895783339,2,2026-08-11
225,TH 20x superficial,processes,pre,20260811,m357,0.03252149,0.04128401,0.16129032258064516,0.7877502694142356,2,2026-08-11
225,TH 20x superficial,somas,post,20260811,m357,-0.01798357,0.12013465,0.17006802721088435,-0.14969511294201965,2,2026-08-11
225,TH 20x superficial,somas,pre,20260811,m357,-0.025333548,0.10042843,0.21768707482993196,-0.2522547449960136,2,2026-08-11
226,TH 20x superficial,processes,post,20260811,m465,0.1122486,0.195008755,0.4844559585492228,0.575608002830437,5,2026-08-11
226,TH 20x superficial,processes,pre,20260811,m465,-0.089561513,-0.023889903,0.20725388601036268,,5,2026-08-11
226,TH 20x superficial,somas,post,20260811,m465,0.20055795,0.30447931,0.524390243902439,0.6586915544442085,5,2026-08-11
226,TH 20x superficial,somas,pre,20260811,m465,-0.162167375,-0.0393102015,0.36585365853658536,,5,2026-08-11
227,DAT 20x superficial,processes,post,20260811,m496,0.019906274,0.10038179,0.1736111111111111,0.19830562893927278,3,2026-08-11
227,DAT 20x superficial,processes,pre,20260811,m496,0.055687299999999995,-0.0509224755,0.28125,,3,2026-08-11
227,DAT 20x superficial,somas,post,20260811,m496,0.009405318,0.083125174,0.18565400843881857,0.11314644586488323,3,2026-08-11
227,DAT 20x superficial,somas,pre,20260811,m496,0.05752183,-0.14155178,0.3333333333333333,,3,2026-08-11
228,TH 20x deep,processes,post,20260723,m466,0.06964566,0.11457986,0.23203285420944558,0.6078350942303472,3,2026-07-23
228,TH 20x deep,processes,pre,20260723,m466,-0.08608443,-0.19328238,0.09240246406570841,,5,2026-07-23
228,TH 20x deep,somas,post,20260723,m466,0.28798345,0.3753983,0.4485981308411215,0.7671410605748613,3,2026-07-23
228,TH 20x deep,somas,pre,20260723,m466,-0.09092763,-0.41795892,0.19626168224299065,,5,2026-07-23
229,TH 10x,units,post,20260810,m357,-0.015971970749999998,0.533530975,0.1891891891891892,-0.02993635139927911,6,2026-08-10
229,TH 10x,units,pre,20260810,m357,0.8337516,1.50954745,0.8243243243243243,0.5523189085576609,5,2026-08-10
230,DAT 10x,units,pre,20260717,m472,0.41217561,0.96279755,0.5,0.42810205530747353,1,2026-07-17
231,TH 10x,units,post,20260717,m462,-0.06686826500000001,0.5786176000000001,0.04,-0.1155655565955823,8,2026-07-17
231,TH 10x,units,pre,20260717,m462,2.1945762,1.36482925,1.0,1.6079492727753306,6,2026-07-17
232,TH 10x,units,post,20260717,m465,0.79442984,1.4478594,0.9315068493150684,0.5486926700203073,5,2026-07-17
232,TH 10x,units,pre,20260717,m465,1.2479345,2.2689204,1.0,0.5500124640776292,9,2026-07-17
233,TH 20x deep,processes,post,20260723,m465,0.25149564,0.33506165,0.5649038461538461,0.7505951218231034,5,2026-07-23
233,TH 20x deep,processes,pre,20260723,m465,0.001735416395,-0.084675485,0.10576923076923077,,3,2026-07-23
233,TH 20x deep,somas,post,20260723,m465,0.27519122,0.45470047,0.6732673267326733,0.6052142853514094,5,2026-07-23
233,TH 20x deep,somas,pre,20260723,m465,0.19257723,-0.10635307,0.45544554455445546,,3,2026-07-23
235,TH 20x superficial,processes,post,20260814,m466,-0.0244894285,0.06064105,0.13692307692307693,-0.40384242192376285,2,2026-08-14
235,TH 20x superficial,processes,pre,20260814,m466,-0.107058823,0.08787864249999999,0.12923076923076923,-1.2182575874450952,3,2026-08-14
235,TH 20x superficial,somas,post,20260814,m466,-0.031116864,0.0916996,0.167420814479638,-0.3393347844483509,2,2026-08-14
235,TH 20x superficial,somas,pre,20260814,m466,-0.17674595,0.3869285,0.17194570135746606,-0.45679227557546165,3,2026-08-14
236,DAT 20x superficial,processes,post,20260814,m496,-0.03324999,0.007180856,0.18662952646239556,,5,2026-08-14
236,DAT 20x superficial,processes,pre,20260814,m496,-0.07414955,-0.025773529,0.15598885793871867,,4,2026-08-14
236,DAT 20x superficial,somas,post,20260814,m496,-0.0067209767,0.0223194205,0.13580246913580246,-0.30112684601287026,5,2026-08-14
236,DAT 20x superficial,somas,pre,20260814,m496,-0.0441016475,-0.0043515398,0.24691358024691357,,4,2026-08-14
237,DAT 20x superficial,processes,post,20260728,m442,-0.015294117,0.040592197,0.19913419913419914,-0.37677480230991195,6,2026-07-28
237,DAT 20x superficial,processes,pre,20260728,m442,0.023794942,0.16778045,0.2943722943722944,0.1418218987969099,3,2026-07-28
237,DAT 20x superficial,somas,post,20260728,m442,0.0139011385,0.0348056335,0.224,0.3993933482061172,6,2026-07-28
237,DAT 20x superficial,somas,pre,20260728,m442,0.0526032785,0.073742595,0.376,0.7133364170327883,3,2026-07-28
238,TH 20x deep,processes,post,20260730,m466,0.07340237,0.16166289,0.4156769596199525,0.4540458852368654,7,2026-07-30
238,TH 20x deep,processes,pre,20260730,m466,-0.15311518,-0.23876642,0.03800475059382423,,6,2026-07-30
238,TH 20x deep,somas,post,20260730,m466,0.15397593,0.20578262,0.543046357615894,0.748245551543663,7,2026-07-30
238,TH 20x deep,somas,pre,20260730,m466,-0.22296913,-0.38163552,0.059602649006622516,,6,2026-07-30
244,TH 20x superficial,processes,post,20260821,m466,0.16858763,0.36239406,0.5807365439093485,0.4652052795788098,4,2026-08-21
244,TH 20x superficial,processes,pre,20260821,m466,0.05736503,0.7352768,0.45609065155807366,0.0780182782864902,7,2026-08-21
244,TH 20x superficial,somas,post,20260821,m466,0.30148155,0.5513735,0.7171717171717171,0.5467828069357704,4,2026-08-21
244,TH 20x superficial,somas,pre,20260821,m466,0.17215521,0.9549402,0.5252525252525253,0.1802785242468586,7,2026-08-21
