group_id,cohort,state,cov_masked,cov_unmasked,blink,clipped,median_px
186,DAT 10x,pre,0.23746693121693122,0.9638227513227513,0.39206349206349206,0.3416335978835979,223.76137200465945
186,DAT 10x,post,0.9769451530612245,0.9848533163265306,0.006696428571428571,0.004432397959183674,154.48366878283034
175,DAT 20x superficial,pre,0.16848776223776224,0.9482517482517483,0.06346153846153846,0.7163024475524475,153.65608145125333
175,DAT 20x superficial,post,0.9841158841158841,0.9842657342657343,0.0,0.00014985014985014985,129.49574164970906
177,DAT 20x superficial,pre,0.0019745502413339184,0.789600702062308,0.6617302910633319,0.12589586075764225,182.94849395751953
177,DAT 20x superficial,post,0.6602990033222591,0.8001107419712071,0.006402270210409745,0.1334094684385382,125.66682539531769
205,TH 20x deep,pre,0.22796200270164277,0.9976687437361105,0.15272996644733974,0.616976774587128,178.47880291779296
205,TH 20x deep,post,0.9976286704058067,0.9976286704058067,0.0,0.0,135.56812952279412
206,TH 10x,pre,0.012166750503018109,0.9980508048289738,0.7339348591549296,0.25194919517102615,242.00264739990234
206,TH 10x,post,0.2382891096579477,0.9982865945674044,0.24792505030181086,0.5120724346076458,122.8773604861113
187,DAT 10x,pre,0.5892857142857143,0.9989341810022438,0.11009723261032162,0.29955123410620793,105.95155650662201
187,DAT 10x,post,0.9989435302916978,0.9989435302916978,0.0,0.0,99.85513019973487
189,TH 10x,pre,0.2984740370061471,0.9985636178296728,0.290859667006456,0.4092299138170698,119.55908481979547
189,TH 10x,post,0.8185726310726311,0.998181216931217,0.13486050986050985,0.044748075998075995,89.42966702492146
190,DAT 10x,pre,0.09143625192012289,0.9651881720430108,0.1429915514592934,0.7307603686635945,109.62274169921875
190,DAT 10x,post,0.9627112135176651,0.9649385560675883,0.0,0.0022273425499231953,101.32623455282126
195,TH 10x,pre,0.861435124508519,0.988024246395806,0.07265727391874181,0.06407273918741808,115.7941791147521
195,TH 10x,post,0.9715678981734027,0.9892553103562278,0.005124390445491363,0.021505909579304074,95.61771048582101
212,TH 20x deep,pre,0.15197210523932436,0.9108590318344428,0.001607571435040529,0.7572793551600779,194.49798754020958
212,TH 20x deep,post,0.6267321016166282,0.6267321016166282,0.0,0.0,89.28565632897983
196,DAT 20x superficial,pre,0.0030769778030734205,0.011898833238474673,0.002258821855435401,0.006563033579965851,185.95123291015625
196,DAT 20x superficial,post,0.0,0.0,0.0,0.0,
233,TH 20x deep,pre,0.9887419082465522,0.9966225724739657,0.006754855052068675,0.001125809175344779,90.39071741483396
233,TH 20x deep,post,0.996671826625387,0.996671826625387,0.0,0.0,74.17758212258236
228,TH 20x deep,pre,0.9760629921259842,0.9975853018372703,0.00783902012248469,0.0136832895888014,99.21693805612688
228,TH 20x deep,post,0.99750656167979,0.99750656167979,0.0,0.0,92.70376055675729
199,TH 20x superficial,pre,0.993680066307501,0.9974443983975687,0.002590136759220887,0.001174195330846802,129.72564477706996
199,TH 20x superficial,post,0.9973097112860893,0.9973097112860893,0.0,0.0,72.77551624463817
237,DAT 20x superficial,pre,0.24315015479876162,0.9959752321981424,0.3825077399380805,0.3703173374613003,129.06032689451723
237,DAT 20x superficial,post,0.9828173374613003,0.996749226006192,0.0006578947368421052,0.013273993808049535,101.66355443651582
201,DAT 20x superficial,pre,0.3234126098790772,0.993485342019544,0.31288206684217573,0.357190665298291,111.24731939116413
201,DAT 20x superficial,post,0.07846091205211726,0.9965798045602606,0.3569625407166124,0.5611563517915309,132.86905748602658
202,DAT 20x superficial,pre,0.5446867218520762,0.997274379164143,0.03778854566256141,0.41479911164950534,235.79586882242688
202,DAT 20x superficial,post,0.9289041994750656,0.9978018372703412,0.00016404199475065617,0.06873359580052493,195.8761473469284
203,TH 20x deep,pre,0.12753833402403647,0.9972717226136206,0.2648846525763227,0.6048487360132615,143.20553588867188
203,TH 20x deep,post,0.8940164125053989,0.9975746702548257,0.02216020465796206,0.08139805309146483,74.91089294383778
204,TH 20x deep,pre,0.9554841828981904,0.9972371874568311,0.007597734493714601,0.034189805221715705,242.34630902423507
204,TH 20x deep,post,0.9974409448818897,0.9974409448818897,0.0,0.0,142.9959965391417
238,TH 20x deep,pre,0.8757062146892656,0.997457627118644,0.04011299435028248,0.08168549905838042,84.62649023877307
238,TH 20x deep,post,0.9969444444444444,0.9969444444444444,0.0,0.0,86.93825855557657
213,Thy1 10x,pre,0.6761325503355705,0.9981124161073825,0.2102768456375839,0.11193372483221477,108.1997684771784
213,Thy1 10x,post,0.9350461409395974,0.9983011744966444,0.03764681208053691,0.025608221476510068,105.11206008797427
214,Thy1 10x,pre,0.7171634680822104,0.9626514223492582,0.10445079624336463,0.17623519804001633,106.78152428144313
214,Thy1 10x,post,0.9307795698924731,0.9791397849462365,0.028844086021505375,0.038306451612903226,78.4786012365408
215,DAT 10x,pre,0.4977740828148466,0.9972377172280626,0.02612100407637846,0.4737180862475864,109.8506369122478
215,DAT 10x,post,0.9820180084745763,0.9879502118644068,0.003787076271186441,0.011228813559322034,92.42033698972793
216,Thy1 10x,pre,0.7666055045871559,0.982591743119266,0.039472477064220184,0.1765137614678899,83.61348565840345
216,Thy1 10x,post,0.9813990825688074,0.9831880733944954,0.0,0.0017889908256880733,96.98375779251529
217,Thy1 10x,pre,0.5906125498007968,0.9978585657370518,0.09838147410358565,0.3089641434262948,110.00039703015474
217,Thy1 10x,post,0.9158051338948006,0.9348429068535983,2.5215593322910888e-05,0.05391093852438348,83.37263771851623
218,DAT 10x,pre,0.017795698924731183,0.9718279569892473,0.4838172043010753,0.47021505376344086,159.03871154785156
218,DAT 10x,post,0.6798924731182796,0.9764247311827957,0.0006989247311827957,0.29583333333333334,134.967333993827
220,Thy1 10x,pre,0.416957171314741,0.9818725099601594,0.2512948207171315,0.3136205179282869,112.71282516086347
220,Thy1 10x,post,0.9678535856573706,0.9753237051792829,0.0022410358565737054,0.005229083665338645,130.05021134159435
221,Thy1 10x,pre,0.12664342629482073,0.9765189243027889,0.4443974103585657,0.40577689243027887,118.91244243030832
221,Thy1 10x,post,0.604695143476726,0.9812395985677543,0.012683443441424178,0.3638610116496041,93.28044700304139
222,DAT 10x,pre,0.7351881720430108,0.9978225806451613,0.05309139784946237,0.20954301075268816,155.82931218910755
222,DAT 10x,post,0.9891666666666666,0.9912365591397849,0.0,0.0020698924731182796,108.2879513871616
229,TH 10x,pre,0.758298755186722,0.9783713692946058,0.01683091286307054,0.20324170124481328,132.61298407001368
229,TH 10x,post,0.946109958506224,0.946109958506224,0.0,0.0,96.62098671064268
223,Thy1 10x,pre,0.7793824701195219,0.9846115537848605,0.017554780876494022,0.18767430278884462,128.3853868607204
223,Thy1 10x,post,0.9599352589641434,0.9838645418326694,0.00047310756972111556,0.023456175298804782,100.75816904509689
224,Thy1 10x,pre,0.889652489626556,0.9743516597510373,0.00412344398340249,0.08057572614107884,95.06872125555176
224,Thy1 10x,post,0.9291753112033195,0.9598288381742739,0.0,0.030653526970954355,86.96009469599896
226,TH 20x superficial,pre,0.0753293774514734,0.1628784069194408,0.0004525797043145932,0.08709644976365283,151.71332048242627
226,TH 20x superficial,post,0.0,0.0,0.0,0.0,
227,DAT 20x superficial,pre,0.9970588235294118,0.9970996732026144,0.0,4.0849673202614376e-05,102.69749247112179
227,DAT 20x superficial,post,0.9965441176470589,0.9965441176470589,0.0,0.0,86.7938427823423
235,TH 20x superficial,pre,0.0,0.00010360547036883547,0.0,0.00010360547036883547,158.2383270263672
235,TH 20x superficial,post,0.0,0.0,0.0,0.0,
236,DAT 20x superficial,pre,0.004035433070866142,0.021916010498687664,3.280839895013123e-05,0.01784776902887139,146.12765165281021
236,DAT 20x superficial,post,0.0,0.0,0.0,0.0,
244,TH 20x superficial,pre,0.9343932167461579,0.9969528351881293,0.0043720190779014305,0.058187599364069954,87.89102228678519
244,TH 20x superficial,post,0.959846547314578,0.9669437340153453,0.006585677749360614,0.0005115089514066496,87.07777058105953
