mouse,date,exp,group_id,population,objective,depth_class,depth_um,depth_raw,protocol,treatment,log_file,objective_log,metadata_flag,inclusion_status,exclusion_reason,postprocessing_qc
m357,20260623,e1,191,TH-GCaMP,10x,na,,,"16 odor passive, 4s odors",pre/post ket/xyl,,,,,,
m472,20260626,e1,193,DAT-GCaMP,10x,na,,,"16 odor passive, 4s odors",pre/post ket/xyl,,,,,,
m472,20260630,e1,186,DAT-GCaMP,10x,na,,,"16 odor passive, 4s odors",pre/post ket/xyl,,,,,,
m442,20260706,e1,175,DAT-GCaMP,20x,superficial,77.3,77.3 um from surface,"16 odor passive, 4s odors",pre/post ket/xyl,20260706/m442/20260706_m442_Log_in_vivo.xlsx,20x,,,,
m357,20260707,e1,176,TH-GCaMP,20x,superficial,103,-103,"16 odor passive, 4s odors",pre/post ket/xyl,20260707/m357/20260707_m357_Log_in_vivo.xlsx,20x,,,,
m442,20260708,e1,177,DAT-GCaMP,20x,superficial,70,70 um,"16 odor passive, 4s odors",pre/post ket/xyl,20260708/m442/20260708_m442_Log_in_vivo.xlsx,20x,,,,
m357,20260710,e1,205,TH-GCaMP,20x,deep,200,~200,"16 odor passive, 4s odors",pre/post ket/xyl,20260710/m357/20260710_m357_Log_in_vivo.xlsx,20x,depth_approximate,,,
m462,20260713,e1,206,TH-GCaMP,10x,na,,,"16 odor passive, 4s odors",pre/post ket/xyl,,,,,,
m472,20260713,e1,187,DAT-GCaMP,10x,na,,,"16 odor passive, 4s odors",pre/post ket/xyl,,,,,,
m465,20260714,e1,189,TH-GCaMP,10x,na,,,"16 odor passive, 4s odors",pre/post ket/xyl,,,,,,
m472,20260714,e1,190,DAT-GCaMP,10x,na,,,"16 odor passive, 4s odors",pre/post ket/xyl,,,,,,
m466,20260716,e1,195,TH-GCaMP,10x,na,,,"16 odor passive, 4s odors",pre/post ket/xyl,,,,,,
m462,20260717,e1,231,TH-GCaMP,10x,na,,,"16 odor passive, 4s odors",pre/post ket/xyl,,,,,,
m465,20260717,e1,232,TH-GCaMP,10x,na,,,"16 odor passive, 4s odors",pre/post ket/xyl,,,,,,
m472,20260717,e1,230,DAT-GCaMP,10x,na,,,"16 odor passive, 4s odors",pre/post ket/xyl,,,,,,
m462,20260721,e1,212,TH-GCaMP,20x,deep,160,-160,"16 odor passive, 4s odors",pre/post ket/xyl,20260721/m462/20260721_m462_Log_in_vivo.xlsx,20x,,,,
m472,20260721,e1,196,DAT-GCaMP,20x,superficial,58,-58,"16 odor passive, 4s odors",pre/post ket/xyl,20260721/m472/20260721_m472_Log_in_vivo.xlsx,20x,,,,
m465,20260723,e1,233,TH-GCaMP,20x,deep,,,"16 odor passive, 4s odors",pre/post ket/xyl,20260723/m465/20260723_m465_Log_in_vivo.xlsx,20x,depth_not_recorded,,,
m466,20260723,e1,228,TH-GCaMP,20x,deep,148,-148,"16 odor passive, 4s odors",pre/post ket/xyl,20260723/m466/20260723_m466_Log_in_vivo.xlsx,20x,,,,
m462,20260727,e1,198,TH-GCaMP,20x,superficial,61,-61,"16 odor passive, 4s odors",pre/post ket/xyl,20260727/m462/20260727_m462_Log_in_vivo.xlsx,20x,,,,
m465,20260727,e1,199,TH-GCaMP,20x,superficial,54,-54,"16 odor passive, 4s odors",pre/post ket/xyl,20260727/m465/20260727_m465_Log_in_vivo.xlsx,20x,,,,
m466,20260727,e1,200,TH-GCaMP,20x,superficial,55,-55,"16 odor passive, 4s odors",pre/post ket/xyl,20260727/m466/20260727_m466_Log_in_vivo.xlsx,20x,,,,
m442,20260728,e1,237,DAT-GCaMP,20x,superficial,55,-55,"16 odor passive, 4s odors",pre/post ket/xyl,20260728/m442/20260728_m442_Log_in_vivo.xlsx,20x,,,,
m472,20260728,e1,201,DAT-GCaMP,20x,superficial,53,-53,"16 odor passive, 4s odors",pre/post ket/xyl,20260728/m472/20260728_m472_Log_in_vivo_2.xlsx,20x,,,,
m496,20260728,e1,202,DAT-GCaMP,20x,superficial,,,"16 odor passive, 4s odors",pre/post ket/xyl,20260728/m496/20260728_m496_Log_in_vivo.xlsx,,depth_not_recorded,,,
m462,20260730,e1,203,TH-GCaMP,20x,deep,110,-110,"16 odor passive, 4s odors",pre/post ket/xyl,20260730/m462/20260730_m462_Log_in_vivo.xlsx,20x,,,,
m465,20260730,e1,204,TH-GCaMP,20x,deep,120,-120,"16 odor passive, 4s odors",pre/post ket/xyl,20260730/m465/20260730_m465_Log_in_vivo.xlsx,20x,,,,
m466,20260730,e1,238,TH-GCaMP,20x,deep,135,-135,"16 odor passive, 4s odors",pre/post ket/xyl,20260730/m466/20260730_m466_Log_in_vivo.xlsx,20x,,,,
m392,20260803,e1,213,Thy1-GCaMP,10x,na,,,"16 odor passive, 4s odors",pre/post ket/xyl,,,,,,
m426,20260803,e1,214,Thy1-GCaMP,10x,na,,,"16 odor passive, 4s odors",pre/post ket/xyl,,,,,,
m496,20260803,e1,215,DAT-GCaMP,10x,na,,,"16 odor passive, 4s odors",pre/post ket/xyl,,,,,,
m392,20260805,e1,216,Thy1-GCaMP,10x,na,,,"16 odor passive, 4s odors",pre/post ket/xyl,,,,,,
m426,20260805,e1,217,Thy1-GCaMP,10x,na,,,"16 odor passive, 4s odors",pre/post ket/xyl,,,,,,
m496,20260805,e1,218,DAT-GCaMP,10x,na,,,"16 odor passive, 4s odors",pre/post ket/xyl,,,,,,
m357,20260806,e1,219,TH-GCaMP,10x,na,,,"16 odor passive, 4s odors",pre/post ket/xyl,,,,,,
m392,20260807,e1,220,Thy1-GCaMP,10x,na,,,"16 odor passive, 4s odors",pre/post ket/xyl,,,,,,
m426,20260807,e1,221,Thy1-GCaMP,10x,na,,,"16 odor passive, 4s odors",pre/post ket/xyl,,,,,,
m496,20260807,e1,222,DAT-GCaMP,10x,na,,,"16 odor passive, 4s odors",pre/post ket/xyl,,,,,,
m357,20260810,e1,229,TH-GCaMP,10x,na,,,"16 odor passive, 4s odors",pre/post ket/xyl,,,,,,
m392,20260810,e1,223,Thy1-GCaMP,10x,na,,,"16 odor passive, 4s odors",pre/post ket/xyl,,,,,,
m426,20260810,e1,224,Thy1-GCaMP,10x,na,,,"16 odor passive, 4s odors",pre/post ket/xyl,,,,,,
m357,20260811,e1,225,TH-GCaMP,20x,superficial,55,-55,"16 odor passive, 4s odors",pre/post ket/xyl,20260811/m357/20260811_m357_Log_in_vivo.xlsx,10x,objective_mismatch_manifest_20x_log_10x,,,
m465,20260811,e1,226,TH-GCaMP,20x,superficial,65,-65,"16 odor passive, 4s odors",pre/post ket/xyl,20260811/m465/20260811_m465_m_Log_in_vivo.xlsx,20x,,,,
m496,20260811,e1,227,DAT-GCaMP,20x,superficial,73,-73,"16 odor passive, 4s odors",pre/post ket/xyl,20260811/m496/20260811_m496_Log_in_vivo.xlsx,20x,,,,
m357,20260814,e1,234,TH-GCaMP,20x,deep,200,-200,"16 odor passive, 4s odors",pre/post ket/xyl,20260814/m357/20260814_m357_Log_in_vivo.xlsx,20x,,,,
m466,20260814,e1,235,TH-GCaMP,20x,superficial,66,-66,"16 odor passive, 4s odors",pre/post ket/xyl,20260814/m466/20260814_m466_Log_in_vivo.xlsx,20x,,,,
m496,20260814,e1,236,DAT-GCaMP,20x,superficial,75,-75,"16 odor passive, 4s odors",pre/post ket/xyl,20260814/m496/20260814_m496_Log_in_vivo.xlsx,20x,,,,
m466,20260821,e1,244,TH-GCaMP,20x,superficial,67,-67,"16 odor passive, 4s odors",pre/post ket/xyl,20260821/m466/NEW LOG_20260821_m466_Log_in_vivo.xlsx,20x,,,,
