group_id,mouse,line,depth_class,cohort,compartment,unit_id,n_awake_trials,median_pupil_coverage,f0_vs_pupil_rho,f0_vs_speed_rho,f0_vs_respiration_rho
202,m496,DAT,superficial,DAT superficial,somas,g1,78,0.531578947368421,-0.5347826086956522,-0.12916011153100015,-0.38052035330261136
202,m496,DAT,superficial,DAT superficial,somas,g2,78,0.531578947368421,-0.034782608695652174,0.05516199866055007,0.2969950076804916
202,m496,DAT,superficial,DAT superficial,somas,g3,78,0.531578947368421,-0.27652173913043476,-0.21682488582414236,0.2023809523809524
202,m496,DAT,superficial,DAT superficial,somas,g4,78,0.531578947368421,0.18869565217391301,0.12127256808909327,0.21241359447004612
202,m496,DAT,superficial,DAT superficial,somas,g5,78,0.531578947368421,0.06521739130434781,0.011405819663176137,0.16868279569892475
202,m496,DAT,superficial,DAT superficial,somas,g6,78,0.531578947368421,-0.1252173913043478,-0.02840023693414459,-0.179531490015361
202,m496,DAT,superficial,DAT superficial,somas,g7,78,0.531578947368421,-0.2904347826086956,0.025707548995844653,-0.0823252688172043
202,m496,DAT,superficial,DAT superficial,somas,g8,78,0.531578947368421,-0.22,-0.007227072815531427,0.3387096774193548
202,m496,DAT,superficial,DAT superficial,somas,g9,78,0.531578947368421,-0.48869565217391303,-0.0647896281757923,-0.22196620583717358
202,m496,DAT,superficial,DAT superficial,somas,g10,78,0.531578947368421,0.021739130434782605,0.08348602744549749,0.1282642089093702
202,m496,DAT,superficial,DAT superficial,somas,g11,78,0.531578947368421,-0.2069565217391304,0.02401826835530743,-0.15178571428571427
202,m496,DAT,superficial,DAT superficial,somas,g12,78,0.531578947368421,-0.3556521739130434,0.12199654550646635,0.004896313364055299
202,m496,DAT,superficial,DAT superficial,somas,g13,78,0.531578947368421,0.09999999999999999,0.004356565862438101,0.18385176651305685
202,m496,DAT,superficial,DAT superficial,somas,g14,78,0.531578947368421,-0.0008695652173913043,-0.05333300307981804,0.023473502304147468
202,m496,DAT,superficial,DAT superficial,somas,g15,78,0.531578947368421,0.1643478260869565,0.2288149679644968,0.3180203533026114
202,m496,DAT,superficial,DAT superficial,somas,g16,78,0.531578947368421,-0.03739130434782608,-0.12667064532389266,-0.01622503840245776
202,m496,DAT,superficial,DAT superficial,somas,g17,78,0.531578947368421,-0.1252173913043478,-0.05972178625418061,0.16436251920122888
202,m496,DAT,superficial,DAT superficial,somas,g18,78,0.531578947368421,-0.13739130434782607,-0.11460435503434108,0.111463133640553
202,m496,DAT,superficial,DAT superficial,somas,g19,78,0.531578947368421,0.008695652173913044,0.07483640251161892,0.1550979262672811
202,m496,DAT,superficial,DAT superficial,somas,g20,78,0.531578947368421,-0.3408695652173913,0.06698696314431063,-0.08338133640552996
202,m496,DAT,superficial,DAT superficial,somas,g21,78,0.531578947368421,-0.07565217391304348,0.1462434383093653,0.222926267281106
202,m496,DAT,superficial,DAT superficial,somas,g22,78,0.531578947368421,0.3347826086956522,0.06979396330640632,-0.09471006144393242
202,m496,DAT,superficial,DAT superficial,somas,g23,78,0.531578947368421,-0.16086956521739126,0.09692406442059809,0.31672427035330264
202,m496,DAT,superficial,DAT superficial,somas,g24,78,0.531578947368421,0.015652173913043476,0.16872484232252985,0.18519585253456222
202,m496,DAT,superficial,DAT superficial,somas,g25,78,0.531578947368421,-0.0626086956521739,-0.08269854323712675,0.040754608294930876
202,m496,DAT,superficial,DAT superficial,somas,g26,78,0.531578947368421,-0.0608695652173913,0.12020565400033291,0.2606566820276498
202,m496,DAT,superficial,DAT superficial,somas,g27,78,0.531578947368421,-0.02260869565217391,-0.0505514056341214,-0.010704685099846392
202,m496,DAT,superficial,DAT superficial,somas,g28,78,0.531578947368421,0.13304347826086957,0.006973045651540866,0.0848694316436252
202,m496,DAT,superficial,DAT superficial,somas,g29,78,0.531578947368421,0.1869565217391304,0.05218988084186051,0.1195756528417819
202,m496,DAT,superficial,DAT superficial,somas,g30,78,0.531578947368421,-0.11130434782608695,-0.15554083251141979,-0.025825652841781878
202,m496,DAT,superficial,DAT superficial,somas,g31,78,0.531578947368421,0.1843478260869565,0.1862273139214794,0.06869239631336406
202,m496,DAT,superficial,DAT superficial,somas,g32,78,0.531578947368421,-0.14782608695652172,0.005652104398789957,0.1343125960061444
202,m496,DAT,superficial,DAT superficial,somas,g33,78,0.531578947368421,-0.021739130434782605,0.1636697017591177,0.1681067588325653
202,m496,DAT,superficial,DAT superficial,somas,g34,78,0.531578947368421,-0.2678260869565217,-0.17136672482803167,-0.09240591397849462
202,m496,DAT,superficial,DAT superficial,somas,g35,78,0.531578947368421,0.02434782608695652,-0.11473136861633633,0.06634024577572965
202,m496,DAT,superficial,DAT superficial,somas,g36,78,0.531578947368421,0.025217391304347827,0.010643738171204457,0.1983966973886329
202,m496,DAT,superficial,DAT superficial,somas,g37,78,0.531578947368421,-0.19130434782608693,0.06524687707097529,0.11813556067588328
202,m496,DAT,superficial,DAT superficial,somas,g38,78,0.531578947368421,0.5991304347826086,0.011075584349988407,-0.05179531490015361
202,m496,DAT,superficial,DAT superficial,somas,g39,78,0.531578947368421,-0.04347826086956521,0.11252133228961847,0.15092165898617513
202,m496,DAT,superficial,DAT superficial,somas,g40,78,0.531578947368421,-0.11913043478260868,0.039361509060337245,0.1832277265745008
202,m496,DAT,superficial,DAT superficial,somas,g41,78,0.531578947368421,-0.10782608695652172,0.06265579999827159,0.13983294930875576
202,m496,DAT,superficial,DAT superficial,somas,g42,78,0.531578947368421,0.25478260869565217,-0.09381223166171375,0.20070084485407066
202,m496,DAT,superficial,DAT superficial,somas,g43,78,0.531578947368421,0.02260869565217391,0.184677748221137,0.30016321044546856
202,m496,DAT,superficial,DAT superficial,somas,g44,78,0.531578947368421,0.13043478260869562,0.23816316759934936,0.371207757296467
202,m496,DAT,superficial,DAT superficial,somas,g45,78,0.531578947368421,-0.2026086956521739,-0.12602287605571671,0.05793970814132105
202,m496,DAT,superficial,DAT superficial,somas,g46,78,0.531578947368421,0.4417391304347826,0.28649183554855334,0.3672715053763441
202,m496,DAT,superficial,DAT superficial,somas,g47,78,0.531578947368421,-0.09043478260869564,0.027714363591370077,0.14376920122887865
202,m496,DAT,superficial,DAT superficial,somas,g48,78,0.531578947368421,0.3408695652173913,-0.06219855110308857,-0.017473118279569894
202,m496,DAT,superficial,DAT superficial,somas,g49,78,0.531578947368421,0.06782608695652173,0.14504951063860966,0.11736751152073734
202,m496,DAT,superficial,DAT superficial,somas,g50,78,0.531578947368421,0.034782608695652174,-0.22115604897018137,0.0704205069124424
202,m496,DAT,superficial,DAT superficial,somas,g51,78,0.531578947368421,-0.24260869565217388,-0.1756343811830731,-0.1083909370199693
202,m496,DAT,superficial,DAT superficial,somas,g52,78,0.531578947368421,-0.2026086956521739,-0.03524626900369018,0.30275537634408606
202,m496,DAT,superficial,DAT superficial,somas,g53,78,0.531578947368421,-0.2295652173913043,-0.20310741896865214,-0.13364055299539168
202,m496,DAT,superficial,DAT superficial,somas,g54,78,0.531578947368421,0.3043478260869565,0.07315982322928123,0.12538402457757297
202,m496,DAT,superficial,DAT superficial,somas,g55,78,0.531578947368421,-0.02260869565217391,-0.05660995349529626,0.15562596006144394
202,m496,DAT,superficial,DAT superficial,somas,g56,78,0.531578947368421,-0.2721739130434782,-0.058642170807220735,-0.010320660522273426
202,m496,DAT,superficial,DAT superficial,somas,g57,78,0.531578947368421,-0.5226086956521738,-0.16519386474306105,-0.3936251920122888
202,m496,DAT,superficial,DAT superficial,somas,g58,78,0.531578947368421,0.11217391304347826,-0.07769420810651272,0.19335637480798773
202,m496,DAT,superficial,DAT superficial,somas,g59,78,0.531578947368421,-0.26347826086956516,0.07055604479837799,0.18966013824884795
202,m496,DAT,superficial,DAT superficial,somas,g60,78,0.531578947368421,0.13043478260869562,0.12457492122097052,0.19729262672811057
202,m496,DAT,superficial,DAT superficial,somas,g61,78,0.531578947368421,-0.33999999999999997,0.08901111826229217,-0.03326612903225807
202,m496,DAT,superficial,DAT superficial,somas,g62,78,0.531578947368421,-0.20869565217391303,0.046499672368471974,-0.06874039938556069
202,m496,DAT,superficial,DAT superficial,somas,g63,78,0.531578947368421,0.050434782608695654,0.07351546125886801,0.14607334869431643
202,m496,DAT,superficial,DAT superficial,somas,g64,78,0.531578947368421,-0.13130434782608694,-0.117754291867824,0.045890937019969276
202,m496,DAT,superficial,DAT superficial,somas,g65,78,0.531578947368421,0.13304347826086957,0.06204613480469424,0.1604742703533026
202,m496,DAT,superficial,DAT superficial,somas,g66,78,0.531578947368421,-0.04347826086956521,0.028679666814534207,0.15845814132104455
202,m496,DAT,superficial,DAT superficial,somas,g67,78,0.531578947368421,0.01826086956521739,-0.14278866887909367,0.04579493087557604
202,m496,DAT,superficial,DAT superficial,somas,g68,78,0.531578947368421,0.01652173913043478,-0.09702567528619431,-0.2529281874039939
202,m496,DAT,superficial,DAT superficial,somas,g69,78,0.531578947368421,0.12869565217391304,0.09871495592673156,0.13973694316436253
202,m496,DAT,superficial,DAT superficial,somas,g70,78,0.531578947368421,0.14782608695652172,0.13302132442365666,0.15831413210445472
202,m496,DAT,superficial,DAT superficial,somas,g71,78,0.531578947368421,-0.5434782608695652,-0.1844110196989469,-0.4438364055299539
202,m496,DAT,superficial,DAT superficial,somas,g72,78,0.531578947368421,0.07478260869565216,0.103681186982747,0.2487999231950845
202,m496,DAT,superficial,DAT superficial,somas,g73,78,0.531578947368421,-0.047826086956521734,0.29276630649912017,0.11103110599078342
202,m496,DAT,superficial,DAT superficial,somas,g74,78,0.531578947368421,-0.047826086956521734,0.33480780213955785,0.06494815668202765
202,m496,DAT,superficial,DAT superficial,somas,g75,78,0.531578947368421,-0.15217391304347824,0.09553961637684956,0.25739247311827956
202,m496,DAT,superficial,DAT superficial,somas,g76,78,0.531578947368421,-0.040869565217391296,0.04906534672477663,0.08760560675883257
202,m496,DAT,superficial,DAT superficial,somas,g77,78,0.531578947368421,0.1843478260869565,-0.06503095398158332,0.05261136712749616
202,m496,DAT,superficial,DAT superficial,somas,g78,78,0.531578947368421,0.13391304347826086,0.11560776233210378,0.07118855606758832
202,m496,DAT,superficial,DAT superficial,somas,g79,78,0.531578947368421,-0.07217391304347825,0.2538366436175669,-0.00024001536098310295
202,m496,DAT,superficial,DAT superficial,somas,g80,78,0.531578947368421,0.20608695652173914,-0.0986895532103325,-0.08266129032258066
202,m496,DAT,superficial,DAT superficial,somas,g81,78,0.531578947368421,-0.25999999999999995,-0.1833695083265856,-0.4046178955453149
202,m496,DAT,superficial,DAT superficial,somas,g82,78,0.531578947368421,0.288695652173913,0.030114920291080868,0.13541666666666669
202,m496,DAT,superficial,DAT superficial,somas,g83,78,0.531578947368421,-0.07304347826086956,-0.0888968060384964,0.31902841781874036
202,m496,DAT,superficial,DAT superficial,somas,g84,78,0.531578947368421,0.08173913043478259,0.040796762536883906,0.19114823348694318
202,m496,DAT,superficial,DAT superficial,somas,g85,78,0.531578947368421,0.046956521739130425,0.07973912677663672,0.17981950844854072
202,m496,DAT,superficial,DAT superficial,somas,g86,78,0.531578947368421,0.21739130434782608,0.08203807261075129,0.20598118279569894
202,m496,DAT,superficial,DAT superficial,somas,g87,78,0.531578947368421,-0.24260869565217388,0.14510031607140778,0.08328533026113673
202,m496,DAT,superficial,DAT superficial,somas,g88,78,0.531578947368421,0.22869565217391302,0.13021432426156096,0.2978110599078341
202,m496,DAT,superficial,DAT superficial,somas,g89,78,0.531578947368421,-0.08869565217391304,-0.127496233606862,-0.16570660522273425
202,m496,DAT,superficial,DAT superficial,somas,g90,78,0.531578947368421,-0.4017391304347826,-0.10674221430883325,0.26411290322580644
202,m496,DAT,superficial,DAT superficial,somas,g91,78,0.531578947368421,-0.13304347826086957,-0.06232556468508386,0.06581221198156682
202,m496,DAT,superficial,DAT superficial,somas,g92,78,0.531578947368421,-0.21043478260869564,0.1058658205930658,0.11218317972350232
202,m496,DAT,superficial,DAT superficial,somas,g93,78,0.531578947368421,-0.015652173913043476,0.12246649575984889,0.14304915514592936
202,m496,DAT,superficial,DAT superficial,somas,g94,78,0.531578947368421,-0.32521739130434785,0.09136086952920484,0.1527457757296467
202,m496,DAT,superficial,DAT superficial,somas,g95,78,0.531578947368421,-0.10173913043478258,-0.18804360814401191,-0.022705453149001537
202,m496,DAT,superficial,DAT superficial,somas,g96,78,0.531578947368421,-0.5026086956521739,0.06144917096931643,0.2539842549923196
202,m496,DAT,superficial,DAT superficial,somas,g97,78,0.531578947368421,-0.1678260869565217,-0.0033531585646753895,-0.17703533026113674
202,m496,DAT,superficial,DAT superficial,somas,g98,78,0.531578947368421,-0.04608695652173912,-0.0009526018649645994,0.10896697388632873
202,m496,DAT,superficial,DAT superficial,somas,g99,78,0.531578947368421,0.18086956521739128,0.22790047017413076,0.30184331797235026
202,m496,DAT,superficial,DAT superficial,somas,g100,78,0.531578947368421,-0.21478260869565213,-0.04610593026428661,0.19882872503840243
202,m496,DAT,superficial,DAT superficial,somas,g101,78,0.531578947368421,0.02695652173913043,0.07807524885249857,0.10296658986175115
202,m496,DAT,superficial,DAT superficial,somas,g102,78,0.531578947368421,0.5191304347826087,-0.1196975996723518,0.23627112135176656
202,m496,DAT,superficial,DAT superficial,somas,g103,78,0.531578947368421,-0.33391304347826084,-0.01334912746770392,0.05553955453149001
202,m496,DAT,superficial,DAT superficial,somas,g104,78,0.531578947368421,0.09913043478260869,0.17808574331558197,0.35623079877112135
202,m496,DAT,superficial,DAT superficial,somas,g105,78,0.531578947368421,-0.19478260869565217,-0.03155017376762753,-0.021841397849462367
202,m496,DAT,superficial,DAT superficial,somas,g106,78,0.531578947368421,0.24086956521739128,-0.04982742821674831,-0.03052995391705069
202,m496,DAT,superficial,DAT superficial,somas,g107,78,0.531578947368421,-0.10782608695652172,-0.03804056780758633,-0.2440956221198157
202,m496,DAT,superficial,DAT superficial,somas,g108,78,0.531578947368421,0.007826086956521738,0.1176653823604273,0.2193740399385561
202,m496,DAT,superficial,DAT superficial,somas,g109,78,0.531578947368421,-0.041739130434782605,-0.045318446055915874,0.15428187403993857
202,m496,DAT,superficial,DAT superficial,somas,g110,78,0.531578947368421,-0.2495652173913043,0.0696923524408101,0.07771697388632873
202,m496,DAT,superficial,DAT superficial,somas,g111,78,0.531578947368421,-0.054782608695652164,0.05843894907602829,0.2831221198156682
202,m496,DAT,superficial,DAT superficial,somas,g112,78,0.531578947368421,-0.05391304347826086,0.031537472409428,0.19407642089093702
202,m496,DAT,superficial,DAT superficial,somas,g113,78,0.531578947368421,-0.05130434782608695,0.0393869117767363,0.19009216589861752
202,m496,DAT,superficial,DAT superficial,somas,g114,78,0.531578947368421,-0.049565217391304345,-0.25252840372301555,-0.1322004608294931
202,m496,DAT,superficial,DAT superficial,somas,g115,78,0.531578947368421,-0.08608695652173912,-0.17847948541976735,-0.11391129032258066
202,m496,DAT,superficial,DAT superficial,somas,g116,78,0.531578947368421,-0.0634782608695652,-0.05346001666181332,0.14952956989247315
202,m496,DAT,superficial,DAT superficial,somas,g117,78,0.531578947368421,-0.10956521739130433,-0.08612790995099931,0.05861175115207373
202,m496,DAT,superficial,DAT superficial,somas,g118,78,0.531578947368421,-0.07391304347826086,-0.08066632592520227,0.2903705837173579
202,m496,DAT,superficial,DAT superficial,somas,g119,78,0.531578947368421,0.04434782608695652,0.04622024248808236,0.1469374039938556
202,m496,DAT,superficial,DAT superficial,somas,g120,78,0.531578947368421,0.07217391304347825,0.03974254980632309,-0.11059907834101383
202,m496,DAT,superficial,DAT superficial,somas,g121,78,0.531578947368421,0.18608695652173912,-0.2749335995869829,-0.445852534562212
202,m496,DAT,superficial,DAT superficial,somas,g122,78,0.531578947368421,-0.05304347826086955,-0.17249714570778965,0.16921082949308758
202,m496,DAT,superficial,DAT superficial,somas,g123,78,0.531578947368421,-0.027826086956521737,-0.19881435989721166,-0.018097158218125957
202,m496,DAT,superficial,DAT superficial,somas,g124,78,0.531578947368421,-0.37217391304347824,-0.16955043060549915,0.06984447004608296
202,m496,DAT,superficial,DAT superficial,somas,g125,78,0.531578947368421,0.1391304347826087,0.0990578925981188,0.07675691244239631
202,m496,DAT,superficial,DAT superficial,somas,g126,78,0.531578947368421,-0.14869565217391303,-0.08301607719211496,0.0445468509984639
202,m496,DAT,superficial,DAT superficial,somas,g127,78,0.531578947368421,-0.1443478260869565,0.11741135519643675,0.12427995391705068
202,m496,DAT,superficial,DAT superficial,somas,g128,78,0.531578947368421,-0.3026086956521739,0.1506000041718034,0.17108294930875578
202,m496,DAT,superficial,DAT superficial,somas,g129,78,0.531578947368421,-0.040869565217391296,0.051618319722881764,0.21894201228878651
202,m496,DAT,superficial,DAT superficial,somas,g130,78,0.531578947368421,-0.3173913043478261,0.20295500267025776,0.04776305683563748
202,m496,DAT,superficial,DAT superficial,somas,g131,78,0.531578947368421,-0.10521739130434782,-0.007417593188524347,0.13868087557603687
202,m496,DAT,superficial,DAT superficial,somas,g132,78,0.531578947368421,-0.046956521739130425,0.19205723733506277,0.38076036866359453
202,m496,DAT,superficial,DAT superficial,somas,g133,78,0.531578947368421,0.1782608695652174,0.043654568131777705,0.23166282642089095
202,m496,DAT,superficial,DAT superficial,somas,g134,78,0.531578947368421,0.11391304347826085,0.16351728546072336,0.46956605222734266
202,m496,DAT,superficial,DAT superficial,somas,g135,78,0.531578947368421,0.040869565217391296,0.10145844929782959,0.3220526113671275
202,m496,DAT,superficial,DAT superficial,somas,g136,78,0.531578947368421,-0.1443478260869565,0.09440919549709155,0.21860599078341017
202,m496,DAT,superficial,DAT superficial,somas,g137,78,0.531578947368421,-0.05913043478260869,0.08233020384934044,0.15668202764976957
202,m496,DAT,superficial,DAT superficial,somas,g138,78,0.531578947368421,0.3173913043478261,-0.08233020384934044,-0.07301267281105991
202,m496,DAT,superficial,DAT superficial,somas,g139,78,0.531578947368421,0.3104347826086956,0.003924719683654149,0.14016897081413213
202,m496,DAT,superficial,DAT superficial,somas,g140,78,0.531578947368421,-0.19478260869565217,0.03256628242358977,0.22758256528417822
202,m496,DAT,superficial,DAT superficial,somas,g141,78,0.531578947368421,0.07826086956521738,0.1956517217055292,0.2474558371735791
202,m496,DAT,superficial,DAT superficial,somas,g142,78,0.531578947368421,-0.027826086956521737,0.032070929453808183,0.26636904761904767
202,m496,DAT,superficial,DAT superficial,somas,g143,78,0.531578947368421,0.23217391304347823,-0.11338502464718639,-0.016753072196620585
202,m496,DAT,superficial,DAT superficial,somas,g144,78,0.531578947368421,-0.2782608695652174,-0.1956136176309306,0.06336405529953917
202,m496,DAT,superficial,DAT superficial,somas,g145,78,0.531578947368421,-0.3643478260869565,0.017489770240750043,-0.08870967741935484
202,m496,DAT,superficial,DAT superficial,somas,g146,78,0.531578947368421,-0.21391304347826084,-0.16060867443303145,0.02702572964669739
202,m496,DAT,superficial,DAT superficial,somas,g147,78,0.531578947368421,0.09739130434782609,-0.15433420348246463,-0.1299443164362519
202,m496,DAT,superficial,DAT superficial,somas,g148,78,0.531578947368421,0.5278260869565217,0.06386242902722675,0.1653705837173579
202,m496,DAT,superficial,DAT superficial,somas,g149,78,0.531578947368421,0.013913043478260868,-0.030648377335461042,0.24596774193548387
202,m496,DAT,superficial,DAT superficial,somas,g150,78,0.531578947368421,-0.3608695652173913,-0.14899963303866284,-0.007776497695852535
202,m496,DAT,superficial,DAT superficial,somas,g151,78,0.531578947368421,-0.09130434782608696,-0.1407945556417678,0.07354070660522273
202,m496,DAT,superficial,DAT superficial,somas,g152,78,0.531578947368421,-0.12608695652173912,-0.010440516440012008,0.12072772657450077
202,m496,DAT,superficial,DAT superficial,somas,g153,78,0.531578947368421,0.033913043478260865,0.017083326778365146,0.10829493087557604
202,m496,DAT,superficial,DAT superficial,somas,g154,78,0.531578947368421,-0.0634782608695652,0.050894342305508655,0.1527937788018433
202,m496,DAT,superficial,DAT superficial,somas,g155,78,0.531578947368421,-0.01217391304347826,0.2054190661609662,0.21798195084485406
202,m496,DAT,superficial,DAT superficial,somas,g156,78,0.531578947368421,-0.015652173913043476,0.023853150698713563,0.2508640552995392
202,m496,DAT,superficial,DAT superficial,somas,g157,78,0.531578947368421,-0.0634782608695652,0.10172517782001969,0.012816820276497698
202,m496,DAT,superficial,DAT superficial,somas,g158,78,0.531578947368421,-0.19391304347826085,-0.007493801337721515,0.007968509984639018
202,m496,DAT,superficial,DAT superficial,somas,g159,78,0.531578947368421,-0.041739130434782605,0.036262377659652414,-0.18217165898617513
202,m496,DAT,superficial,DAT superficial,somas,g160,78,0.531578947368421,-0.08869565217391304,0.1668069372344011,0.18990015360983103
202,m496,DAT,superficial,DAT superficial,somas,g161,78,0.531578947368421,-0.09565217391304347,0.06188101714810037,0.2068932411674347
202,m496,DAT,superficial,DAT superficial,somas,g162,78,0.531578947368421,-0.02608695652173913,0.0366180156892392,0.2182699692780338
202,m496,DAT,superficial,DAT superficial,somas,g163,78,0.531578947368421,-0.11130434782608695,0.1402102931645895,-0.015312980030721965
202,m496,DAT,superficial,DAT superficial,somas,g164,78,0.531578947368421,-0.04608695652173912,0.191485676216084,0.26272081413210446
202,m496,DAT,superficial,DAT superficial,somas,g165,78,0.531578947368421,0.08347826086956521,0.1588685883596961,0.12696812596006146
202,m496,DAT,superficial,DAT superficial,somas,g166,78,0.531578947368421,-0.16347826086956518,0.03423016034772794,0.08131720430107527
202,m496,DAT,superficial,DAT superficial,somas,g167,78,0.531578947368421,-0.11652173913043477,0.07200399963312418,0.19014016897081415
202,m496,DAT,superficial,DAT superficial,somas,g168,78,0.531578947368421,-0.348695652173913,0.13885124783724,0.18375576036866362
202,m496,DAT,superficial,DAT superficial,somas,g169,78,0.531578947368421,-0.1434782608695652,-0.22068609871679884,-0.049395161290322585
202,m496,DAT,superficial,DAT superficial,somas,g170,78,0.531578947368421,-0.28521739130434776,0.06753312154689034,0.15159370199692784
202,m496,DAT,superficial,DAT superficial,somas,g171,78,0.531578947368421,-0.39652173913043476,-0.13648879521212778,0.02952188940092166
202,m496,DAT,superficial,DAT superficial,somas,g172,78,0.531578947368421,-0.17391304347826084,-0.25603397858608523,0.10464669738863289
202,m496,DAT,superficial,DAT superficial,somas,g173,78,0.531578947368421,-0.04347826086956521,-0.1696520414710954,0.08400537634408603
202,m496,DAT,superficial,DAT superficial,somas,g174,78,0.531578947368421,-0.27391304347826084,-0.09390114116911044,-0.09663018433179725
202,m496,DAT,superficial,DAT superficial,somas,g175,78,0.531578947368421,-0.17913043478260868,-0.197836355315848,-0.068068356374808
202,m496,DAT,superficial,DAT superficial,somas,g176,78,0.531578947368421,-0.08782608695652173,-0.0759668233913769,0.22571044546851
202,m496,DAT,superficial,DAT superficial,somas,g177,78,0.531578947368421,-0.248695652173913,0.2975166144657437,0.32968509984639016
202,m496,DAT,superficial,DAT superficial,somas,g178,78,0.531578947368421,-0.12347826086956522,0.07705914019653631,0.015216973886328726
202,m496,DAT,superficial,DAT superficial,somas,g179,78,0.531578947368421,-0.10782608695652172,0.0795867104782424,-0.08170122887864822
202,m496,DAT,superficial,DAT superficial,somas,g180,78,0.531578947368421,-0.24695652173913044,-0.27081835953033584,0.02035330261136713
202,m496,DAT,superficial,DAT superficial,somas,g181,78,0.531578947368421,-0.20434782608695648,-0.14891072353126616,0.09567012288786482
202,m496,DAT,superficial,DAT superficial,somas,g182,78,0.531578947368421,-0.03565217391304347,0.04442935098194892,0.20156490015360984
202,m496,DAT,superficial,DAT superficial,somas,g183,78,0.531578947368421,-0.3182608695652174,-0.011240702006582271,0.14328917050691245
202,m496,DAT,superficial,DAT superficial,somas,g184,78,0.531578947368421,-0.3321739130434782,-0.09344389227392742,-0.14578533026113671
202,m496,DAT,superficial,DAT superficial,somas,g185,78,0.531578947368421,-0.2539130434782608,-0.10037883385086972,0.07493279569892473
202,m496,DAT,superficial,DAT superficial,somas,g186,78,0.531578947368421,-0.2434782608695652,-0.10653899257764078,0.09749423963133641
202,m496,DAT,superficial,DAT superficial,somas,g187,78,0.531578947368421,-0.15652173913043477,-0.025567834055649847,0.07910906298003072
202,m496,DAT,superficial,DAT superficial,somas,g188,78,0.531578947368421,-0.08086956521739129,0.18049900137349226,0.28513824884792627
202,m496,DAT,superficial,DAT superficial,somas,g189,78,0.531578947368421,-0.2226086956521739,-0.05179613873767515,0.013584869431643627
202,m496,DAT,superficial,DAT superficial,somas,g190,78,0.531578947368421,0.1252173913043478,0.11614121937648395,0.26569700460829493
202,m496,DAT,superficial,DAT superficial,somas,g191,78,0.531578947368421,-0.05826086956521739,0.06350679099763996,0.1904761904761905
202,m496,DAT,superficial,DAT superficial,somas,g192,78,0.531578947368421,-0.4495652173913043,-0.07599222610777598,-0.06139592933947773
202,m496,DAT,superficial,DAT superficial,somas,g193,78,0.531578947368421,-0.1408695652173913,-0.1511461625743831,-0.06638824884792627
202,m496,DAT,superficial,DAT superficial,somas,g194,78,0.531578947368421,-0.4547826086956522,-0.031829603648017145,-0.2208141321044547
202,m496,DAT,superficial,DAT superficial,somas,g195,78,0.531578947368421,-0.4130434782608695,0.008941756172467707,-0.0851094470046083
202,m496,DAT,superficial,DAT superficial,somas,g196,78,0.531578947368421,0.15130434782608695,-0.08372735325128852,0.13244047619047622
202,m496,DAT,superficial,DAT superficial,somas,g197,78,0.531578947368421,-0.19130434782608693,-0.07972642541843719,0.11386328725038403
202,m496,DAT,superficial,DAT superficial,somas,g198,78,0.531578947368421,-0.09913043478260869,-0.026393422338619167,0.028561827956989246
202,m496,DAT,superficial,DAT superficial,somas,g199,78,0.531578947368421,-0.013043478260869565,-0.030000608067285117,0.02289746543778802
202,m496,DAT,superficial,DAT superficial,somas,g200,78,0.531578947368421,-0.08608695652173912,0.02517409195146448,-0.030481950844854076
202,m496,DAT,superficial,DAT superficial,somas,g201,78,0.531578947368421,-0.21652173913043476,-0.006757122562148891,0.07771697388632873
202,m496,DAT,superficial,DAT superficial,somas,g202,78,0.531578947368421,-0.05826086956521739,-0.13601884495874525,-0.07618087557603688
202,m496,DAT,superficial,DAT superficial,somas,g203,78,0.531578947368421,0.13565217391304346,-0.04456906592214373,0.11746351766513058
202,m496,DAT,superficial,DAT superficial,somas,g204,78,0.531578947368421,-0.06,0.04517873111572107,-0.025441628264208913
202,m496,DAT,superficial,DAT superficial,somas,g205,78,0.531578947368421,-0.19826086956521738,-0.21747265509231828,0.048627112135176655
202,m496,DAT,superficial,DAT superficial,somas,g206,78,0.531578947368421,-0.13304347826086957,-0.17332273399075898,-0.06917242703533026
202,m496,DAT,superficial,DAT superficial,somas,g207,78,0.531578947368421,-0.04,-0.11186086166324302,-0.05467549923195084
202,m496,DAT,superficial,DAT superficial,somas,g208,78,0.531578947368421,-0.45652173913043476,-0.07704643883833678,0.035330261136712754
202,m496,DAT,superficial,DAT superficial,somas,g209,78,0.531578947368421,0.04347826086956521,0.009970566186629472,0.14165706605222733
202,m496,DAT,superficial,DAT superficial,somas,g210,78,0.531578947368421,-0.05391304347826086,0.05809601240464104,0.18313172043010756
202,m496,DAT,superficial,DAT superficial,somas,g211,78,0.531578947368421,0.1591304347826087,0.1428902797446899,0.1410810291858679
202,m496,DAT,superficial,DAT superficial,somas,g212,78,0.531578947368421,0.16260869565217392,-0.06768553784528465,-0.017329109062980033
202,m496,DAT,superficial,DAT superficial,somas,g213,78,0.531578947368421,-0.5826086956521739,-0.08982400518706195,0.05184331797235023
202,m496,DAT,superficial,DAT superficial,somas,g214,78,0.531578947368421,-0.2678260869565217,0.015597267869020374,-0.0671562980030722
202,m496,DAT,superficial,DAT superficial,groups,g1,78,0.531578947368421,-0.5347826086956522,-0.12785187163644876,-0.3799443164362519
202,m496,DAT,superficial,DAT superficial,groups,g2,78,0.531578947368421,0.09652173913043478,0.045254939264918234,0.28235407066052226
202,m496,DAT,superficial,DAT superficial,groups,g3,78,0.531578947368421,-0.18608695652173912,-0.17245904163319106,0.21394969278033799
202,m496,DAT,superficial,DAT superficial,groups,g4,78,0.531578947368421,0.18869565217391301,0.1060944450406573,0.2231662826420891
202,m496,DAT,superficial,DAT superficial,groups,g5,78,0.531578947368421,0.041739130434782605,0.07502692288461185,0.2252784178187404
202,m496,DAT,superficial,DAT superficial,groups,g6,78,0.531578947368421,-0.1252173913043478,-0.026977684815797452,-0.17852342549923197
202,m496,DAT,superficial,DAT superficial,groups,g7,78,0.531578947368421,-0.1869565217391304,0.026393422338619167,0.021169354838709676
202,m496,DAT,superficial,DAT superficial,groups,g8,78,0.531578947368421,-0.23565217391304347,0.017223041718559956,0.3023713517665131
202,m496,DAT,superficial,DAT superficial,groups,g9,78,0.531578947368421,-0.49999999999999994,-0.0649801485487852,-0.2214861751152074
202,m496,DAT,superficial,DAT superficial,groups,g10,78,0.531578947368421,0.03739130434782608,0.08395597769888002,0.12912826420890938
202,m496,DAT,superficial,DAT superficial,groups,g11,78,0.531578947368421,-0.2069565217391304,0.023942060206110265,-0.15312980030721968
202,m496,DAT,superficial,DAT superficial,groups,g12,78,0.531578947368421,-0.3504347826086956,0.11939276707556311,0.001056067588325653
202,m496,DAT,superficial,DAT superficial,groups,g13,78,0.531578947368421,0.09999999999999999,0.006693615771151251,0.18735599078341017
202,m496,DAT,superficial,DAT superficial,groups,g14,78,0.531578947368421,-0.0008695652173913043,-0.049116152157574734,0.024049539170506912
202,m496,DAT,superficial,DAT superficial,groups,g15,78,0.531578947368421,0.05217391304347826,0.18900891136717604,0.24131144393241166
202,m496,DAT,superficial,DAT superficial,groups,g16,78,0.531578947368421,-0.05391304347826086,-0.12076451376111214,-0.01564900153609831
202,m496,DAT,superficial,DAT superficial,groups,g17,78,0.531578947368421,-0.11478260869565216,-0.060471166387952774,0.1573540706605223
202,m496,DAT,superficial,DAT superficial,groups,g18,78,0.531578947368421,-0.19478260869565217,-0.10341445846055691,0.1581221198156682
202,m496,DAT,superficial,DAT superficial,groups,g19,78,0.531578947368421,-0.03130434782608695,0.06191912122269896,0.1322004608294931
202,m496,DAT,superficial,DAT superficial,groups,g20,78,0.531578947368421,-0.3426086956521739,0.07258826211030246,-0.07930107526881722
202,m496,DAT,superficial,DAT superficial,groups,g21,78,0.531578947368421,-0.08434782608695651,0.14922825748625435,0.22331029185867898
202,m496,DAT,superficial,DAT superficial,groups,g22,78,0.531578947368421,0.3347826086956522,0.06663132511472383,-0.09259792626728111
202,m496,DAT,superficial,DAT superficial,groups,g23,78,0.531578947368421,-0.06608695652173913,0.08588658414520828,0.34955837173579113
202,m496,DAT,superficial,DAT superficial,groups,g24,78,0.531578947368421,0.015652173913043476,0.17254795114058777,0.18913210445468512
202,m496,DAT,superficial,DAT superficial,groups,g25,78,0.531578947368421,-0.08347826086956521,-0.10658979801043889,0.08779761904761905
202,m496,DAT,superficial,DAT superficial,groups,g26,78,0.531578947368421,-0.0608695652173913,0.12336829219201538,0.26459293394777267
202,m496,DAT,superficial,DAT superficial,groups,g27,78,0.531578947368421,-0.01826086956521739,-0.0508181341563115,-0.011184715821812595
202,m496,DAT,superficial,DAT superficial,groups,g28,78,0.531578947368421,-0.1034782608695652,0.04879861820258655,0.05112327188940092
202,m496,DAT,superficial,DAT superficial,groups,g29,78,0.531578947368421,0.16260869565217392,0.04210500243143529,0.1219278033794163
202,m496,DAT,superficial,DAT superficial,groups,g30,78,0.531578947368421,-0.1243478260869565,-0.1544485157062604,-0.022129416282642093
202,m496,DAT,superficial,DAT superficial,groups,g31,78,0.531578947368421,0.1843478260869565,0.18728152665204026,0.07104454685099847
202,m496,DAT,superficial,DAT superficial,groups,g32,78,0.531578947368421,-0.4165217391304347,-0.04956069969455822,0.06105990783410138
202,m496,DAT,superficial,DAT superficial,groups,g33,78,0.531578947368421,-0.0008695652173913043,0.1705792406196609,0.18591589861751154
202,m496,DAT,superficial,DAT superficial,groups,g34,78,0.531578947368421,-0.27999999999999997,-0.16836920429294305,-0.09034178187403995
202,m496,DAT,superficial,DAT superficial,groups,g35,78,0.531578947368421,-0.09043478260869564,-0.06708857400990685,0.005904377880184332
202,m496,DAT,superficial,DAT superficial,groups,g36,78,0.531578947368421,0.01652173913043478,0.004712203892024884,0.19614055299539174
202,m496,DAT,superficial,DAT superficial,groups,g37,78,0.531578947368421,-0.19130434782608693,0.06959074157521386,0.12120775729646699
202,m496,DAT,superficial,DAT superficial,groups,g38,78,0.531578947368421,0.5991304347826086,0.011215299290183216,-0.049923195084485415
202,m496,DAT,superficial,DAT superficial,groups,g39,78,0.531578947368421,-0.04347826086956521,0.11309289340859723,0.15164170506912444
202,m496,DAT,superficial,DAT superficial,groups,g40,78,0.531578947368421,-0.11913043478260868,0.04487389851893239,0.18817204301075272
202,m496,DAT,superficial,DAT superficial,groups,g41,78,0.531578947368421,-0.09304347826086956,0.061347560103720195,0.14578533026113671
202,m496,DAT,superficial,DAT superficial,groups,g42,78,0.531578947368421,0.24,-0.09388843981091091,0.20060483870967744
202,m496,DAT,superficial,DAT superficial,groups,g43,78,0.531578947368421,-0.021739130434782605,0.19897947755380552,0.2723694316436252
202,m496,DAT,superficial,DAT superficial,groups,g44,78,0.531578947368421,0.13043478260869562,0.24173224925341671,0.37533602150537637
202,m496,DAT,superficial,DAT superficial,groups,g45,78,0.531578947368421,-0.17391304347826084,-0.15697608598796645,0.016753072196620585
202,m496,DAT,superficial,DAT superficial,groups,g46,78,0.531578947368421,0.4417391304347826,0.2865426409813515,0.36803955453149
202,m496,DAT,superficial,DAT superficial,groups,g47,78,0.531578947368421,-0.15478260869565216,0.035068449988896785,0.1455453149001536
202,m496,DAT,superficial,DAT superficial,groups,g48,78,0.531578947368421,0.3408695652173913,-0.06158888590951123,-0.013536866359447005
202,m496,DAT,superficial,DAT superficial,groups,g49,78,0.531578947368421,0.003478260869565217,0.08709321317416344,0.1298483102918587
202,m496,DAT,superficial,DAT superficial,groups,g50,78,0.531578947368421,0.019130434782608695,-0.213255804170075,0.08942972350230415
202,m496,DAT,superficial,DAT superficial,groups,g51,78,0.531578947368421,-0.3782608695652173,-0.13051915685834964,0.03374615975422427
202,m496,DAT,superficial,DAT superficial,groups,g52,78,0.531578947368421,-0.21739130434782608,-0.08314309077411024,0.24563172043010753
202,m496,DAT,superficial,DAT superficial,groups,g53,78,0.531578947368421,-0.22,-0.1308112880969388,0.006672427035330261
202,m496,DAT,superficial,DAT superficial,groups,g54,78,0.531578947368421,0.18,0.08629302760759318,0.16805875576036866
202,m496,DAT,superficial,DAT superficial,groups,g55,78,0.531578947368421,-0.01217391304347826,-0.12393985331099414,0.12245583717357911
202,m496,DAT,superficial,DAT superficial,groups,g56,78,0.531578947368421,-0.25999999999999995,-0.05887079525481224,-0.007632488479262673
202,m496,DAT,superficial,DAT superficial,groups,g57,78,0.531578947368421,-0.5234782608695652,-0.16446988732568796,-0.3936251920122888
202,m496,DAT,superficial,DAT superficial,groups,g58,78,0.531578947368421,0.13217391304347825,-0.050068754022539345,0.20962941628264212
202,m496,DAT,superficial,DAT superficial,groups,g59,78,0.531578947368421,-0.26347826086956516,0.07164836160353741,0.19273233486943164
202,m496,DAT,superficial,DAT superficial,groups,g60,78,0.531578947368421,0.1208695652173913,0.12552752308593512,0.19532450076804916
202,m496,DAT,superficial,DAT superficial,groups,g61,78,0.531578947368421,-0.32956521739130434,0.09437109142249298,-0.024913594470046086
202,m496,DAT,superficial,DAT superficial,groups,g62,78,0.531578947368421,-0.19130434782608693,0.05154211157368459,-0.0620199692780338
202,m496,DAT,superficial,DAT superficial,groups,g63,78,0.531578947368421,0.050434782608695654,0.07483640251161892,0.14559331797235023
202,m496,DAT,superficial,DAT superficial,groups,g64,78,0.531578947368421,-0.13739130434782607,-0.11313099748319583,0.050019201228878644
202,m496,DAT,superficial,DAT superficial,groups,g65,78,0.531578947368421,0.10782608695652172,0.01848047618031323,0.068068356374808
202,m496,DAT,superficial,DAT superficial,groups,g66,78,0.531578947368421,-0.04347826086956521,0.02970847682869597,0.15836213517665132
202,m496,DAT,superficial,DAT superficial,groups,g67,78,0.531578947368421,0.025217391304347827,-0.15449932113905848,0.05717165898617512
202,m496,DAT,superficial,DAT superficial,groups,g68,78,0.531578947368421,0.015652173913043476,-0.09647951688361461,-0.2514880952380953
202,m496,DAT,superficial,DAT superficial,groups,g69,78,0.531578947368421,0.1417391304347826,0.09994698767208575,0.14607334869431643
202,m496,DAT,superficial,DAT superficial,groups,g70,78,0.531578947368421,0.17913043478260868,0.14756437956211618,0.21193356374807987
202,m496,DAT,superficial,DAT superficial,groups,g71,78,0.531578947368421,-0.5434782608695652,-0.1817310331188465,-0.4435003840245776
202,m496,DAT,superficial,DAT superficial,groups,g72,78,0.531578947368421,0.07739130434782608,0.11150522363365623,0.25240015360983103
202,m496,DAT,superficial,DAT superficial,groups,g73,78,0.531578947368421,-0.04869565217391304,0.2614701598954832,0.13306451612903228
202,m496,DAT,superficial,DAT superficial,groups,g74,78,0.531578947368421,-0.15043478260869564,0.26896396123320476,0.08798963133640553
202,m496,DAT,superficial,DAT superficial,groups,g75,78,0.531578947368421,-0.1469565217391304,0.09830851246434665,0.25830453149001537
202,m496,DAT,superficial,DAT superficial,groups,g76,78,0.531578947368421,-0.040869565217391296,0.046893414472657345,0.08462941628264209
202,m496,DAT,superficial,DAT superficial,groups,g77,78,0.531578947368421,0.1591304347826087,-0.08631843032399224,0.02558563748079877
202,m496,DAT,superficial,DAT superficial,groups,g78,78,0.531578947368421,0.21304347826086956,0.11967219695595274,0.11223118279569892
202,m496,DAT,superficial,DAT superficial,groups,g79,78,0.531578947368421,-0.05913043478260869,0.2530237566927971,-0.00014400921658986178
202,m496,DAT,superficial,DAT superficial,groups,g80,78,0.531578947368421,0.22347826086956518,-0.09847363012094053,-0.07445276497695852
202,m496,DAT,superficial,DAT superficial,groups,g81,78,0.531578947368421,-0.1434782608695652,-0.1664767019212134,-0.38196044546851005
202,m496,DAT,superficial,DAT superficial,groups,g82,78,0.531578947368421,0.2904347826086956,0.03299812860237372,0.13527265745007683
202,m496,DAT,superficial,DAT superficial,groups,g83,78,0.531578947368421,-0.25913043478260867,-0.08735994169635353,0.17065092165898618
202,m496,DAT,superficial,DAT superficial,groups,g84,78,0.531578947368421,0.11130434782608695,0.006236366875968243,0.1363767281105991
202,m496,DAT,superficial,DAT superficial,groups,g85,78,0.531578947368421,0.04521739130434782,0.08093305444739236,0.17996351766513058
202,m496,DAT,superficial,DAT superficial,groups,g86,78,0.531578947368421,0.1443478260869565,0.06249068234167772,0.16498655913978497
202,m496,DAT,superficial,DAT superficial,groups,g87,78,0.531578947368421,-0.2539130434782608,0.1459767097871752,0.08270929339477727
202,m496,DAT,superficial,DAT superficial,groups,g88,78,0.531578947368421,0.22869565217391302,0.1324116592300793,0.29939516129032256
202,m496,DAT,superficial,DAT superficial,groups,g89,78,0.531578947368421,-0.08869565217391304,-0.12646742359270022,-0.1649385560675883
202,m496,DAT,superficial,DAT superficial,groups,g90,78,0.531578947368421,-0.4208695652173913,-0.04521683519031965,0.14396121351766514
202,m496,DAT,superficial,DAT superficial,groups,g91,78,0.531578947368421,-0.19391304347826085,0.023853150698713563,0.10200652841781874
202,m496,DAT,superficial,DAT superficial,groups,g92,78,0.531578947368421,-0.21826086956521737,0.11015887966450627,0.11597542242703535
202,m496,DAT,superficial,DAT superficial,groups,g93,78,0.531578947368421,-0.015652173913043476,0.12317777181902247,0.14381720430107528
202,m496,DAT,superficial,DAT superficial,groups,g94,78,0.531578947368421,-0.32521739130434785,0.09252939448356141,0.15649001536098311
202,m496,DAT,superficial,DAT superficial,groups,g95,78,0.531578947368421,-0.1452173913043478,-0.07295660149808879,0.041282642089093706
202,m496,DAT,superficial,DAT superficial,groups,g96,78,0.531578947368421,-0.5026086956521739,0.06471342002659512,0.2550883256528418
202,m496,DAT,superficial,DAT superficial,groups,g97,78,0.531578947368421,-0.1678260869565217,-0.0037469006688607576,-0.1772273425499232
202,m496,DAT,superficial,DAT superficial,groups,g98,78,0.531578947368421,-0.04608695652173912,-0.0009017964321664874,0.10743087557603687
202,m496,DAT,superficial,DAT superficial,groups,g99,78,0.531578947368421,0.15652173913043477,0.2140305870202462,0.2967549923195084
202,m496,DAT,superficial,DAT superficial,groups,g100,78,0.531578947368421,-0.21652173913043476,-0.017400860733353347,0.1933083717357911
202,m496,DAT,superficial,DAT superficial,groups,g101,78,0.531578947368421,-0.09652173913043478,0.07261366482670153,0.14765745007680492
202,m496,DAT,superficial,DAT superficial,groups,g102,78,0.531578947368421,0.5191304347826087,-0.12232678081965408,0.23478302611367133
202,m496,DAT,superficial,DAT superficial,groups,g103,78,0.531578947368421,-0.3060869565217391,-0.05155481293188411,0.07934907834101383
202,m496,DAT,superficial,DAT superficial,groups,g104,78,0.531578947368421,0.09913043478260869,0.1795463995085277,0.35680683563748083
202,m496,DAT,superficial,DAT superficial,groups,g105,78,0.531578947368421,-0.12608695652173912,-0.11250863093141894,0.007968509984639018
202,m496,DAT,superficial,DAT superficial,groups,g106,78,0.531578947368421,0.21304347826086956,-0.05033548254472943,0.06562019969278034
202,m496,DAT,superficial,DAT superficial,groups,g107,78,0.531578947368421,-0.0017391304347826085,-0.03456039566091566,-0.23430299539170504
202,m496,DAT,superficial,DAT superficial,groups,g108,78,0.531578947368421,0.007826086956521738,0.11812263125561033,0.2150057603686636
202,m496,DAT,superficial,DAT superficial,groups,g109,78,0.531578947368421,-0.04521739130434782,-0.042663862192214526,0.15893817204301075
202,m496,DAT,superficial,DAT superficial,groups,g110,78,0.531578947368421,-0.34695652173913033,0.030178427082078504,0.05837173579109063
202,m496,DAT,superficial,DAT superficial,groups,g111,78,0.531578947368421,-0.07130434782608694,0.04568678544370218,0.25739247311827956
202,m496,DAT,superficial,DAT superficial,groups,g112,78,0.531578947368421,-0.07304347826086956,0.025453521831854096,0.11933563748079876
202,m496,DAT,superficial,DAT superficial,groups,g113,78,0.531578947368421,-0.05130434782608695,0.04148263587965842,0.19455645161290328
202,m496,DAT,superficial,DAT superficial,groups,g114,78,0.531578947368421,-0.050434782608695654,-0.24859098268116184,-0.12634408602150538
202,m496,DAT,superficial,DAT superficial,groups,g115,78,0.531578947368421,-0.08608695652173912,-0.17994014161271304,-0.10887096774193548
202,m496,DAT,superficial,DAT superficial,groups,g116,78,0.531578947368421,-0.07217391304347825,-0.04931937388876719,0.15221774193548387
202,m496,DAT,superficial,DAT superficial,groups,g117,78,0.531578947368421,-0.07913043478260869,-0.08965888753046809,0.06336405529953917
202,m496,DAT,superficial,DAT superficial,groups,g118,78,0.531578947368421,-0.07391304347826086,-0.08078063814899802,0.29046658986175117
202,m496,DAT,superficial,DAT superficial,groups,g119,78,0.531578947368421,0.04434782608695652,0.04995444179874359,0.1450172811059908
202,m496,DAT,superficial,DAT superficial,groups,g120,78,0.531578947368421,0.07217391304347825,0.041876377983843784,-0.11141513056835638
202,m496,DAT,superficial,DAT superficial,groups,g121,78,0.531578947368421,0.2078260869565217,-0.2717582600371009,-0.44489247311827956
202,m496,DAT,superficial,DAT superficial,groups,g122,78,0.531578947368421,-0.03826086956521739,-0.17045222703766563,0.1676267281105991
202,m496,DAT,superficial,DAT superficial,groups,g123,78,0.531578947368421,-0.027826086956521737,-0.1968837534508834,-0.017665130568356377
202,m496,DAT,superficial,DAT superficial,groups,g124,78,0.531578947368421,-0.3904347826086956,-0.16346648002792527,0.07373271889400923
202,m496,DAT,superficial,DAT superficial,groups,g125,78,0.531578947368421,0.13391304347826086,0.1098921511423162,0.08962173579109065
202,m496,DAT,superficial,DAT superficial,groups,g126,78,0.531578947368421,-0.14869565217391303,-0.08118708161138292,0.050115207373271894
202,m496,DAT,superficial,DAT superficial,groups,g127,78,0.531578947368421,-0.1443478260869565,0.11907523312057491,0.1268721198156682
202,m496,DAT,superficial,DAT superficial,groups,g128,78,0.531578947368421,-0.3139130434782608,0.15461363336285422,0.17396313364055302
202,m496,DAT,superficial,DAT superficial,groups,g129,78,0.531578947368421,-0.03304347826086956,0.05835003956863159,0.22335829493087558
202,m496,DAT,superficial,DAT superficial,groups,g130,78,0.531578947368421,-0.3,0.20731156853269583,0.05313940092165899
202,m496,DAT,superficial,DAT superficial,groups,g131,78,0.531578947368421,-0.08,-0.0022227376849173986,0.09927035330261136
202,m496,DAT,superficial,DAT superficial,groups,g132,78,0.531578947368421,-0.02260869565217391,0.18646863972727043,0.38920890937019975
202,m496,DAT,superficial,DAT superficial,groups,g133,78,0.531578947368421,0.1782608695652174,0.04681720632346017,0.23329493087557604
202,m496,DAT,superficial,DAT superficial,groups,g134,78,0.531578947368421,0.06869565217391303,0.16914398714311424,0.47359831029185867
202,m496,DAT,superficial,DAT superficial,groups,g135,78,0.531578947368421,0.06173913043478261,0.11034940003749918,0.3343413978494624
202,m496,DAT,superficial,DAT superficial,groups,g136,78,0.531578947368421,-0.14260869565217388,0.09719079294278819,0.21999807987711217
202,m496,DAT,superficial,DAT superficial,groups,g137,78,0.531578947368421,-0.04869565217391304,0.08661056156258137,0.1574500768049155
202,m496,DAT,superficial,DAT superficial,groups,g138,78,0.531578947368421,0.3321739130434782,-0.08413379671367342,-0.06998847926267282
202,m496,DAT,superficial,DAT superficial,groups,g139,78,0.531578947368421,0.3121739130434782,0.009246588769256377,0.14477726574500765
202,m496,DAT,superficial,DAT superficial,groups,g140,78,0.531578947368421,-0.19478260869565217,0.03447148615351897,0.22815860215053763
202,m496,DAT,superficial,DAT superficial,groups,g141,78,0.531578947368421,0.07826086956521738,0.19713778061487397,0.2483678955453149
202,m496,DAT,superficial,DAT superficial,groups,g142,78,0.531578947368421,-0.041739130434782605,0.03273140008018364,0.26449692780337947
202,m496,DAT,superficial,DAT superficial,groups,g143,78,0.531578947368421,0.2452173913043478,-0.10554828663807761,-0.005808371735791091
202,m496,DAT,superficial,DAT superficial,groups,g144,78,0.531578947368421,-0.2669565217391304,-0.1974807172862612,0.06533218125960061
202,m496,DAT,superficial,DAT superficial,groups,g145,78,0.531578947368421,-0.33739130434782605,0.045356550130514456,-0.052275345622119815
202,m496,DAT,superficial,DAT superficial,groups,g146,78,0.531578947368421,-0.21652173913043476,-0.16178990074558755,0.03278609831029186
202,m496,DAT,superficial,DAT superficial,groups,g147,78,0.531578947368421,0.09739130434782609,-0.151552606036768,-0.12797619047619047
202,m496,DAT,superficial,DAT superficial,groups,g148,78,0.531578947368421,0.5339130434782609,0.06701236586070969,0.17252304147465441
202,m496,DAT,superficial,DAT superficial,groups,g149,78,0.531578947368421,0.013913043478260868,-0.027739766307769132,0.24553571428571433
202,m496,DAT,superficial,DAT superficial,groups,g150,78,0.531578947368421,-0.3608695652173913,-0.1496982077396369,-0.004656298003072197
202,m496,DAT,superficial,DAT superficial,groups,g151,78,0.531578947368421,-0.16869565217391302,-0.18428400611695164,0.05630760368663594
202,m496,DAT,superficial,DAT superficial,groups,g152,78,0.531578947368421,-0.11130434782608695,-0.005842624771782877,0.12298387096774194
202,m496,DAT,superficial,DAT superficial,groups,g153,78,0.531578947368421,0.03304347826086956,0.022710028460756048,0.10944700460829493
202,m496,DAT,superficial,DAT superficial,groups,g154,78,0.531578947368421,-0.06956521739130435,0.057118007823277375,0.15682603686635946
202,m496,DAT,superficial,DAT superficial,groups,g155,78,0.531578947368421,-0.015652173913043476,0.20958511165041135,0.21846198156682028
202,m496,DAT,superficial,DAT superficial,groups,g156,78,0.531578947368421,-0.015652173913043476,0.02221467549097446,0.25105606758832566
202,m496,DAT,superficial,DAT superficial,groups,g157,78,0.531578947368421,-0.04434782608695652,0.09625089243602311,0.012816820276497698
202,m496,DAT,superficial,DAT superficial,groups,g158,78,0.531578947368421,-0.19391304347826085,-0.002946715102290494,0.00576036866359447
202,m496,DAT,superficial,DAT superficial,groups,g159,78,0.531578947368421,0.03130434782608695,0.07921837109045608,0.06605222734254992
202,m496,DAT,superficial,DAT superficial,groups,g160,78,0.531578947368421,-0.013913043478260868,0.12739462274126576,0.2316148233486943
202,m496,DAT,superficial,DAT superficial,groups,g161,78,0.531578947368421,-0.08782608695652173,0.06778714871088089,0.21231758832565287
202,m496,DAT,superficial,DAT superficial,groups,g162,78,0.531578947368421,-0.017391304347826087,0.03804056780758633,0.22187019969278035
202,m496,DAT,superficial,DAT superficial,groups,g163,78,0.531578947368421,-0.11130434782608695,0.14516382286240542,-0.014256912442396312
202,m496,DAT,superficial,DAT superficial,groups,g164,78,0.531578947368421,-0.04608695652173912,0.19107923275369912,0.26272081413210446
202,m496,DAT,superficial,DAT superficial,groups,g165,78,0.531578947368421,0.06608695652173913,0.1632632582967328,0.12980030721966207
202,m496,DAT,superficial,DAT superficial,groups,g166,78,0.531578947368421,-0.1643478260869565,0.030635675977261512,0.08530145929339478
202,m496,DAT,superficial,DAT superficial,groups,g167,78,0.531578947368421,-0.11652173913043477,0.07978993220943485,0.19258832565284179
202,m496,DAT,superficial,DAT superficial,groups,g168,78,0.531578947368421,-0.33391304347826084,0.10135683843223336,0.22134216589861752
202,m496,DAT,superficial,DAT superficial,groups,g169,78,0.531578947368421,-0.14956521739130432,-0.22073690414959696,-0.04339477726574501
202,m496,DAT,superficial,DAT superficial,groups,g170,78,0.531578947368421,-0.28521739130434776,0.07164836160353741,0.15096966205837173
202,m496,DAT,superficial,DAT superficial,groups,g171,78,0.531578947368421,-0.39652173913043476,-0.13361828825903446,0.03028993855606759
202,m496,DAT,superficial,DAT superficial,groups,g172,78,0.531578947368421,-0.17391304347826084,-0.25668174785426123,0.11103110599078342
202,m496,DAT,superficial,DAT superficial,groups,g173,78,0.531578947368421,-0.07043478260869565,-0.1526449228419274,0.08606950844854071
202,m496,DAT,superficial,DAT superficial,groups,g174,78,0.531578947368421,-0.27391304347826084,-0.09298664337874442,-0.09667818740399386
202,m496,DAT,superficial,DAT superficial,groups,g175,78,0.531578947368421,-0.17913043478260868,-0.19679484394348667,-0.06902841781874039
202,m496,DAT,superficial,DAT superficial,groups,g176,78,0.531578947368421,-0.08608695652173912,-0.06931131169482425,0.23022273425499235
202,m496,DAT,superficial,DAT superficial,groups,g177,78,0.531578947368421,-0.248695652173913,0.2983549041069125,0.3316532258064517
202,m496,DAT,superficial,DAT superficial,groups,g178,78,0.531578947368421,-0.19565217391304346,0.07544606770519628,0.013968894009216592
202,m496,DAT,superficial,DAT superficial,groups,g179,78,0.531578947368421,-0.2643478260869565,0.06057277725354898,0.0408026113671275
202,m496,DAT,superficial,DAT superficial,groups,g180,78,0.531578947368421,-0.24695652173913044,-0.2707421513811386,0.020833333333333336
202,m496,DAT,superficial,DAT superficial,groups,g181,78,0.531578947368421,-0.20434782608695648,-0.1476405877113134,0.09941436251920122
202,m496,DAT,superficial,DAT superficial,groups,g182,78,0.531578947368421,-0.12608695652173912,-0.015444851570626039,0.1601382488479263
202,m496,DAT,superficial,DAT superficial,groups,g183,78,0.531578947368421,-0.3782608695652173,-0.02180823202858956,0.10363863287250384
202,m496,DAT,superficial,DAT superficial,groups,g184,78,0.531578947368421,-0.3321739130434782,-0.0903955663060407,-0.13930491551459293
202,m496,DAT,superficial,DAT superficial,groups,g185,78,0.531578947368421,-0.2539130434782608,-0.10247455795379183,0.07354070660522273
202,m496,DAT,superficial,DAT superficial,groups,g186,78,0.531578947368421,-0.33304347826086955,-0.10905386150114733,0.07949308755760368
202,m496,DAT,superficial,DAT superficial,groups,g187,78,0.531578947368421,-0.2504347826086956,-0.0027307920128985183,0.034082181259600615
202,m496,DAT,superficial,DAT superficial,groups,g188,78,0.531578947368421,-0.08086956521739129,0.18621461256327987,0.28321812596006146
202,m496,DAT,superficial,DAT superficial,groups,g189,78,0.531578947368421,0.05739130434782608,0.07442995904923402,0.15212173579109065
202,m496,DAT,superficial,DAT superficial,groups,g190,78,0.531578947368421,-0.05217391304347826,0.07288039334889161,0.19402841781874042
202,m496,DAT,superficial,DAT superficial,groups,g191,78,0.531578947368421,-0.03652173913043478,0.0509578490965063,0.18596390168970817
202,m496,DAT,superficial,DAT superficial,groups,g192,78,0.531578947368421,-0.2626086956521739,-0.13849560980765324,-0.18317972350230416
202,m496,DAT,superficial,DAT superficial,groups,g193,78,0.531578947368421,-0.1417391304347826,-0.14154393577553995,-0.06864439324116743
202,m496,DAT,superficial,DAT superficial,groups,g194,78,0.531578947368421,-0.4234782608695652,-0.028539951874339397,-0.12677611367127498
202,m496,DAT,superficial,DAT superficial,groups,g195,78,0.531578947368421,-0.4130434782608695,0.011253403364781802,-0.0832373271889401
202,m496,DAT,superficial,DAT superficial,groups,g196,78,0.531578947368421,0.1391304347826087,-0.07465858349682553,0.16407450076804916
202,m496,DAT,superficial,DAT superficial,groups,g197,78,0.531578947368421,-0.20956521739130432,-0.10035343113447066,0.14919354838709678
202,m496,DAT,superficial,DAT superficial,groups,g198,78,0.531578947368421,-0.09913043478260869,-0.02135098313340655,0.029953917050691246
202,m496,DAT,superficial,DAT superficial,groups,g199,78,0.531578947368421,-0.015652173913043476,-0.028971798053123346,0.01963325652841782
202,m496,DAT,superficial,DAT superficial,groups,g200,78,0.531578947368421,-0.06869565217391303,0.024043671071706487,-0.028225806451612906
202,m496,DAT,superficial,DAT superficial,groups,g201,78,0.531578947368421,-0.24,-0.01686740368897317,0.01857718894009217
202,m496,DAT,superficial,DAT superficial,groups,g202,78,0.531578947368421,-0.05826086956521739,-0.13469790370599435,-0.07594086021505377
202,m496,DAT,superficial,DAT superficial,groups,g203,78,0.531578947368421,0.1417391304347826,-0.03840890719537265,0.1196236559139785
202,m496,DAT,superficial,DAT superficial,groups,g204,78,0.531578947368421,-0.12956521739130433,0.03945041856773394,-0.056067588325652847
202,m496,DAT,superficial,DAT superficial,groups,g205,78,0.531578947368421,-0.19826086956521738,-0.21983510771743045,0.05112327188940092
202,m496,DAT,superficial,DAT superficial,groups,g206,78,0.531578947368421,-0.1269565217391304,-0.17673939934643199,-0.0669162826420891
202,m496,DAT,superficial,DAT superficial,groups,g207,78,0.531578947368421,-0.04,-0.11352473958738118,-0.055059523809523815
202,m496,DAT,superficial,DAT superficial,groups,g208,78,0.531578947368421,-0.4391304347826086,-0.06658051968192573,0.08640552995391707
202,m496,DAT,superficial,DAT superficial,groups,g209,78,0.531578947368421,-0.09999999999999999,-0.00284510423669427,0.08419738863287252
202,m496,DAT,superficial,DAT superficial,groups,g210,78,0.531578947368421,-0.05391304347826086,0.05841354635962923,0.18673195084485408
202,m496,DAT,superficial,DAT superficial,groups,g211,78,0.531578947368421,0.1591304347826087,0.14562107175758843,0.144105222734255
202,m496,DAT,superficial,DAT superficial,groups,g212,78,0.531578947368421,0.16260869565217392,-0.06920970082922802,-0.016897081413210446
202,m496,DAT,superficial,DAT superficial,groups,g213,78,0.531578947368421,-0.5826086956521739,-0.09160219533499586,0.0505952380952381
202,m496,DAT,superficial,DAT superficial,groups,g214,78,0.531578947368421,-0.2678260869565217,0.01709602813656468,-0.06557219662058372
202,m496,DAT,superficial,DAT superficial,groups,g215,78,0.531578947368421,0.021739130434782605,0.04563598001090407,0.26972926267281105
202,m496,DAT,superficial,DAT superficial,groups,g216,78,0.531578947368421,0.09565217391304347,0.01486058909344775,0.2037730414746544
202,m496,DAT,superficial,DAT superficial,groups,g217,78,0.531578947368421,-0.1695652173913043,0.2487561003377557,0.19647657450076805
202,m496,DAT,superficial,DAT superficial,groups,g218,78,0.531578947368421,-0.040869565217391296,0.22664303571237748,0.01555299539170507
202,m496,DAT,superficial,DAT superficial,groups,g219,78,0.531578947368421,-0.2939130434782608,0.07329953816947604,0.06610023041474655
202,m496,DAT,superficial,DAT superficial,groups,g220,78,0.531578947368421,0.16260869565217392,0.0661994789359399,0.2404953917050691
202,m496,DAT,superficial,DAT superficial,groups,g221,78,0.531578947368421,-0.01652173913043478,0.05187234688687232,0.21966205837173577
202,m496,DAT,superficial,DAT superficial,groups,g222,78,0.531578947368421,0.01217391304347826,0.07337574631867322,0.12168778801843318
202,m496,DAT,superficial,DAT superficial,groups,g223,78,0.531578947368421,-0.2217391304347826,-0.08196186446155412,0.012096774193548388
202,m496,DAT,superficial,DAT superficial,groups,g224,78,0.531578947368421,0.08086956521739129,0.12761054583065773,0.28547427035330264
202,m496,DAT,superficial,DAT superficial,groups,g225,78,0.531578947368421,-0.3121739130434782,-0.11939276707556311,-0.18447580645161293
202,m496,DAT,superficial,DAT superficial,groups,g226,78,0.531578947368421,-0.050434782608695654,-0.023611824892922538,0.18697196620583717
202,m496,DAT,superficial,DAT superficial,groups,g227,78,0.531578947368421,-0.35826086956521735,0.00020322173119244786,-0.1297043010752688
202,m496,DAT,superficial,DAT superficial,groups,g228,78,0.531578947368421,0.2617391304347826,-0.03881535065775754,0.08717357910906298
202,m496,DAT,superficial,DAT superficial,groups,g229,78,0.531578947368421,-0.11565217391304347,0.09692406442059809,0.2787058371735791
202,m496,DAT,superficial,DAT superficial,groups,g230,78,0.531578947368421,-0.34521739130434775,0.15071431639559915,0.19498847926267282
202,m496,DAT,superficial,DAT superficial,groups,g231,78,0.531578947368421,-0.45826086956521733,-0.08629302760759318,-0.2065092165898618
202,m496,DAT,superficial,DAT superficial,groups,g232,78,0.531578947368421,0.027826086956521737,0.0608014017011405,0.28259408602150543
202,m496,DAT,superficial,DAT superficial,groups,g233,78,0.531578947368421,-0.06434782608695652,0.04328622874399139,0.45012480798771126
202,m496,DAT,superficial,DAT superficial,groups,g234,78,0.531578947368421,-0.12956521739130433,-0.09000182420185535,0.029953917050691246
202,m496,DAT,superficial,DAT superficial,groups,g235,78,0.531578947368421,-0.00608695652173913,0.16073568801502672,0.45895737327188946
202,m496,DAT,superficial,DAT superficial,groups,g236,78,0.531578947368421,0.11217391304347826,0.10760590666640114,0.35618279569892475
202,m496,DAT,superficial,DAT superficial,groups,g237,78,0.531578947368421,0.15391304347826085,0.20431404799760727,0.3745679723502304
202,m496,DAT,superficial,DAT superficial,groups,g238,78,0.531578947368421,-0.020869565217391303,0.2244329993856596,0.3288690476190476
202,m496,DAT,superficial,DAT superficial,groups,g239,78,0.531578947368421,-0.11130434782608695,0.15447391842265942,0.3269489247311828
202,m496,DAT,superficial,DAT superficial,groups,g240,78,0.531578947368421,0.1408695652173913,-0.12874096671041574,0.21394969278033799
202,m496,DAT,superficial,DAT superficial,groups,g241,78,0.531578947368421,0.3782608695652173,-0.21987321179202907,0.009504608294930876
202,m496,DAT,superficial,DAT superficial,groups,g242,78,0.531578947368421,0.1034782608695652,0.19077440015691044,0.3619911674347158
202,m496,DAT,superficial,DAT superficial,groups,g243,78,0.531578947368421,-0.21739130434782608,0.032070929453808183,-0.09293394777265745
202,m496,DAT,superficial,DAT superficial,groups,g244,78,0.531578947368421,-0.24,-0.02762545408397338,0.043922811059907835
202,m496,DAT,superficial,DAT superficial,groups,g245,78,0.531578947368421,-0.17913043478260868,0.18286145399860448,0.16129032258064518
202,m496,DAT,superficial,DAT superficial,groups,g246,78,0.531578947368421,-0.23478260869565212,-0.229373827725276,0.07469278033794163
202,m496,DAT,superficial,DAT superficial,groups,g247,78,0.531578947368421,-0.11478260869565216,-0.16083729888062295,0.10786290322580645
202,m496,DAT,superficial,DAT superficial,groups,g248,78,0.531578947368421,-0.0626086956521739,0.19585494343672163,0.19738863287250388
202,m496,DAT,superficial,DAT superficial,groups,g249,78,0.531578947368421,0.1591304347826087,0.15268302691652597,0.3040034562211982
202,m496,DAT,superficial,DAT superficial,groups,g250,78,0.531578947368421,-0.23913043478260865,0.06947642935141811,0.27625768049155147
202,m496,DAT,superficial,DAT superficial,groups,g251,78,0.531578947368421,-0.3069565217391304,-0.021973349685183424,-0.09158986175115208
202,m496,DAT,superficial,DAT superficial,groups,g252,78,0.531578947368421,-0.1660869565217391,-0.12226327402865644,0.05592357910906298
202,m496,DAT,superficial,DAT superficial,groups,g253,78,0.531578947368421,0.014782608695652172,0.2530618607673957,0.26795314900153616
202,m496,DAT,superficial,DAT superficial,groups,g254,78,0.531578947368421,-0.2417391304347826,0.02630451283122247,0.08962173579109065
202,m496,DAT,superficial,DAT superficial,groups,g255,78,0.531578947368421,0.21913043478260866,0.04719824706944602,0.05232334869431644
202,m496,DAT,superficial,DAT superficial,groups,g256,78,0.531578947368421,-0.2617391304347826,-0.1514128910965732,-0.20281298003072198
202,m496,DAT,superficial,DAT superficial,groups,g257,78,0.531578947368421,-0.06,-0.013209412527509111,0.24961597542242708
202,m496,DAT,superficial,DAT superficial,groups,g258,78,0.531578947368421,0.35913043478260864,0.02217657141637587,0.0005760368663594471
202,m496,DAT,superficial,DAT superficial,groups,g259,78,0.531578947368421,0.608695652173913,-0.09465052130288258,0.24812788018433182
202,m496,DAT,superficial,DAT superficial,groups,g260,78,0.531578947368421,-0.1226086956521739,-0.039005871030750455,0.2724654377880184
202,m496,DAT,superficial,DAT superficial,groups,g261,78,0.531578947368421,-0.6391304347826086,0.0650182526233838,0.10210253456221198
202,m496,DAT,superficial,DAT superficial,groups,g262,78,0.531578947368421,0.13478260869565215,0.22299774590911292,0.3383256528417819
202,m496,DAT,superficial,DAT superficial,groups,g263,78,0.531578947368421,0.009565217391304347,0.12456221986277102,0.17727534562211983
202,m496,DAT,superficial,DAT superficial,groups,g264,78,0.531578947368421,-0.21565217391304345,0.15374994100528633,-0.142713133640553
202,m496,DAT,superficial,DAT superficial,groups,g265,78,0.531578947368421,-0.05304347826086955,0.11866878965819003,0.07118855606758832
202,m496,DAT,superficial,DAT superficial,groups,g266,78,0.531578947368421,-0.08695652173913042,-0.16007521738865127,-0.028273809523809527
202,m496,DAT,superficial,DAT superficial,groups,g267,78,0.531578947368421,0.05565217391304347,0.21152841945493916,0.1370967741935484
202,m496,DAT,superficial,DAT superficial,groups,g268,78,0.531578947368421,-0.11652173913043477,-0.05644483583870239,0.08683755760368664
202,m496,DAT,superficial,DAT superficial,groups,g269,78,0.531578947368421,-0.049565217391304345,-0.06586924362275215,0.2944988479262673
202,m496,DAT,superficial,DAT superficial,groups,g270,78,0.531578947368421,-0.32608695652173914,0.14565917583218702,0.10791090629800308
202,m496,DAT,superficial,DAT superficial,groups,g271,78,0.531578947368421,-0.17913043478260868,-0.19994478077696962,0.11707949308755762
202,m496,DAT,superficial,DAT superficial,groups,g272,78,0.531578947368421,0.1060869565217391,-0.05057680835052046,-0.010992703533026114
202,m496,DAT,superficial,DAT superficial,groups,g273,78,0.531578947368421,0.07565217391304348,-0.08570876513041488,-0.08870967741935484
202,m496,DAT,superficial,DAT superficial,groups,g274,78,0.531578947368421,-0.13826086956521738,0.05517470001874959,0.169786866359447
202,m496,DAT,superficial,DAT superficial,groups,g275,78,0.531578947368421,0.1652173913043478,-0.07431564682543827,-0.02136136712749616
202,m496,DAT,superficial,DAT superficial,groups,g276,78,0.531578947368421,0.3904347826086956,-0.12728031051747,0.07723694316436253
202,m496,DAT,superficial,DAT superficial,groups,g277,78,0.531578947368421,-0.10434782608695652,0.12071370832831402,0.21999807987711217
202,m496,DAT,superficial,DAT superficial,groups,g278,78,0.531578947368421,-0.40347826086956523,0.030800793633855378,-0.013728878648233486
202,m496,DAT,superficial,DAT superficial,groups,g279,78,0.531578947368421,-0.4391304347826086,-0.15348321248309627,-0.1718029953917051
202,m496,DAT,superficial,DAT superficial,groups,g280,78,0.531578947368421,-0.17217391304347823,-0.07697023068913963,-0.06125192012288786
202,m496,DAT,superficial,DAT superficial,groups,g281,78,0.531578947368421,0.17478260869565218,-0.007239774173730955,-0.017329109062980033
202,m496,DAT,superficial,DAT superficial,groups,g282,78,0.531578947368421,-0.4408695652173913,-0.0774528823007217,0.0900057603686636
202,m496,DAT,superficial,DAT superficial,groups,g283,78,0.531578947368421,-0.3478260869565217,-0.25471303733333434,0.017761136712749617
202,m496,DAT,superficial,DAT superficial,groups,g284,78,0.531578947368421,0.19652173913043475,-0.1042273453853267,-0.25484831029185867
202,m496,DAT,superficial,DAT superficial,groups,g285,78,0.531578947368421,0.007826086956521738,0.19304794327462593,0.29157066052227343
202,m496,DAT,superficial,DAT superficial,groups,g286,78,0.531578947368421,-0.12782608695652173,-0.19742991185346312,0.20698924731182797
202,m496,DAT,superficial,DAT superficial,groups,g287,78,0.531578947368421,-0.08521739130434783,-0.24645715450364117,0.02524961597542243
202,m496,DAT,superficial,DAT superficial,groups,g288,78,0.531578947368421,0.4495652173913043,-0.020944539671021657,-0.021073348694316436
202,m496,DAT,superficial,DAT superficial,groups,g289,78,0.531578947368421,-0.4017391304347826,-0.2659791420563157,-0.14684139784946235
202,m496,DAT,superficial,DAT superficial,groups,g290,78,0.531578947368421,-0.26608695652173914,-0.047439572875237056,0.07430875576036867
202,m496,DAT,superficial,DAT superficial,groups,g291,78,0.531578947368421,-0.17565217391304347,0.007697023068913963,-0.06091589861751153
202,m496,DAT,superficial,DAT superficial,groups,g292,78,0.531578947368421,-0.2417391304347826,0.01157093731977,0.029473886328725035
202,m496,DAT,superficial,DAT superficial,groups,g293,78,0.531578947368421,0.36260869565217385,-0.01011028112682428,-0.024289554531490013
202,m496,DAT,superficial,DAT superficial,groups,g294,78,0.531578947368421,0.21565217391304345,-0.26730008330906657,0.10171850998463904
202,m496,DAT,superficial,DAT superficial,groups,g295,78,0.531578947368421,-0.5913043478260869,-0.014682770078654357,0.11347926267281107
202,m496,DAT,superficial,DAT superficial,groups,g296,78,0.531578947368421,-0.1443478260869565,0.008713131724876201,0.00657642089093702
202,m496,DAT,superficial,DAT superficial,groups,g297,78,0.531578947368421,-0.38608695652173913,0.03073728684285774,-0.12912826420890938
202,m496,DAT,superficial,DAT superficial,groups,g298,78,0.531578947368421,-0.4843478260869564,-0.08407028992267578,-0.11799155145929338
202,m496,DAT,superficial,DAT superficial,groups,g299,78,0.531578947368421,-0.13478260869565215,-0.002768896087497102,0.24457565284178187
202,m496,DAT,superficial,DAT superficial,groups,g300,78,0.531578947368421,0.1452173913043478,0.04768089868102808,-0.15937019969278035
202,m496,DAT,superficial,DAT superficial,groups,g301,78,0.531578947368421,-0.23913043478260865,0.022570313520561238,0.0014880952380952382
202,m496,DAT,superficial,DAT superficial,groups,g302,78,0.531578947368421,0.17565217391304347,0.1371238631221042,0.28456221198156684
202,m496,DAT,superficial,DAT superficial,groups,g303,78,0.531578947368421,-0.17304347826086955,-0.05606379509271655,-0.2565284178187404
202,m496,DAT,superficial,DAT superficial,groups,g304,78,0.531578947368421,-0.07478260869565216,0.0794978009708457,0.23339093701996932
202,m496,DAT,superficial,DAT superficial,groups,g305,78,0.531578947368421,-0.15391304347826085,-0.10408763044513189,-0.02044930875576037
