group_id,mouse,line,state,pair,n_a,n_b,integrated_crossnobis,spatiotemporal_crossnobis,integrated_cosine,seconds_accumulated,cumulative_crossnobis
213,m392,Thy1,pre,17-18,8,4,-0.26596597252955756,-0.014446354438739591,0.014133751392364502,1,0.3154784398628017
213,m392,Thy1,pre,17-18,8,4,-0.26596597252955756,-0.014446354438739591,0.014133751392364502,2,-0.1010524177221784
213,m392,Thy1,pre,17-18,8,4,-0.26596597252955756,-0.014446354438739591,0.014133751392364502,3,-0.15560412621110362
213,m392,Thy1,pre,17-18,8,4,-0.26596597252955756,-0.014446354438739591,0.014133751392364502,4,-0.19925899322787613
213,m392,Thy1,pre,31-32,6,4,0.14506207767556065,0.21017542749806978,0.0106048583984375,1,0.6909708890012191
213,m392,Thy1,pre,31-32,6,4,0.14506207767556065,0.21017542749806978,0.0106048583984375,2,0.674008814399425
213,m392,Thy1,pre,31-32,6,4,0.14506207767556065,0.21017542749806978,0.0106048583984375,3,0.16141523803575958
213,m392,Thy1,pre,31-32,6,4,0.14506207767556065,0.21017542749806978,0.0106048583984375,4,0.16374575562292037
213,m392,Thy1,pre,39-40,7,7,1.2142821477191665,0.9668479350060061,0.0966193675994873,1,0.5707188396051446
213,m392,Thy1,pre,39-40,7,7,1.2142821477191665,0.9668479350060061,0.0966193675994873,2,0.6394296695291573
213,m392,Thy1,pre,39-40,7,7,1.2142821477191665,0.9668479350060061,0.0966193675994873,3,1.1369715536274778
213,m392,Thy1,pre,39-40,7,7,1.2142821477191665,0.9668479350060061,0.0966193675994873,4,1.1650807045028562
213,m392,Thy1,post,17-18,6,4,0.10247801662001808,0.1779584756038485,0.01564687490463257,1,0.0723207558807092
213,m392,Thy1,post,17-18,6,4,0.10247801662001808,0.1779584756038485,0.01564687490463257,2,0.03768447486200963
213,m392,Thy1,post,17-18,6,4,0.10247801662001808,0.1779584756038485,0.01564687490463257,3,0.11928148206336137
213,m392,Thy1,post,17-18,6,4,0.10247801662001808,0.1779584756038485,0.01564687490463257,4,0.08626607216580476
213,m392,Thy1,post,31-32,4,3,1.2882092761719781,1.2397572369045902,0.050678789615631104,1,2.918006546655098
213,m392,Thy1,post,31-32,4,3,1.2882092761719781,1.2397572369045902,0.050678789615631104,2,1.5232996355017046
213,m392,Thy1,post,31-32,4,3,1.2882092761719781,1.2397572369045902,0.050678789615631104,3,1.1793515317427297
213,m392,Thy1,post,31-32,4,3,1.2882092761719781,1.2397572369045902,0.050678789615631104,4,1.1274435961710865
213,m392,Thy1,post,39-40,4,3,3.0738562320881404,2.3542144905604863,0.09038949012756348,1,0.35235549459791726
213,m392,Thy1,post,39-40,4,3,3.0738562320881404,2.3542144905604863,0.09038949012756348,2,0.4897368723490709
213,m392,Thy1,post,39-40,4,3,3.0738562320881404,2.3542144905604863,0.09038949012756348,3,1.117852026601527
213,m392,Thy1,post,39-40,4,3,3.0738562320881404,2.3542144905604863,0.09038949012756348,4,3.1553255819699744
214,m426,Thy1,pre,17-18,5,6,0.10510688711672095,0.0941430830037002,0.019812285900115967,1,0.4182504433162698
214,m426,Thy1,pre,17-18,5,6,0.10510688711672095,0.0941430830037002,0.019812285900115967,2,0.07018382130161811
214,m426,Thy1,pre,17-18,5,6,0.10510688711672095,0.0941430830037002,0.019812285900115967,3,0.06660260788538007
214,m426,Thy1,pre,17-18,5,6,0.10510688711672095,0.0941430830037002,0.019812285900115967,4,0.1023499124109988
214,m426,Thy1,pre,39-40,5,3,1.3941654603737552,1.431192260001452,0.2811598777770996,1,2.8085602181931053
214,m426,Thy1,pre,39-40,5,3,1.3941654603737552,1.431192260001452,0.2811598777770996,2,2.2308636665185815
214,m426,Thy1,pre,39-40,5,3,1.3941654603737552,1.431192260001452,0.2811598777770996,3,1.5258001497930604
214,m426,Thy1,pre,39-40,5,3,1.3941654603737552,1.431192260001452,0.2811598777770996,4,1.4775048127301555
214,m426,Thy1,post,17-18,4,4,1.6188738038018584,1.3451479006639089,0.045910775661468506,1,2.0515706095910686
214,m426,Thy1,post,17-18,4,4,1.6188738038018584,1.3451479006639089,0.045910775661468506,2,2.187317812555646
214,m426,Thy1,post,17-18,4,4,1.6188738038018584,1.3451479006639089,0.045910775661468506,3,2.371722778704603
214,m426,Thy1,post,17-18,4,4,1.6188738038018584,1.3451479006639089,0.045910775661468506,4,1.600149427683181
214,m426,Thy1,post,31-32,6,5,0.21616590828036206,0.11407687722901914,0.02280402183532715,1,-0.18632602347745136
214,m426,Thy1,post,31-32,6,5,0.21616590828036206,0.11407687722901914,0.02280402183532715,2,0.13732047737740347
214,m426,Thy1,post,31-32,6,5,0.21616590828036206,0.11407687722901914,0.02280402183532715,3,0.12992657650687642
214,m426,Thy1,post,31-32,6,5,0.21616590828036206,0.11407687722901914,0.02280402183532715,4,0.1807254024925022
214,m426,Thy1,post,39-40,6,7,0.850659273200704,0.34399420817562404,0.056974947452545166,1,0.07612128041984294
214,m426,Thy1,post,39-40,6,7,0.850659273200704,0.34399420817562404,0.056974947452545166,2,0.2208538562941121
214,m426,Thy1,post,39-40,6,7,0.850659273200704,0.34399420817562404,0.056974947452545166,3,0.5616958676413787
214,m426,Thy1,post,39-40,6,7,0.850659273200704,0.34399420817562404,0.056974947452545166,4,0.8439465370985176
216,m392,Thy1,pre,17-18,7,6,0.2969585030467128,0.3814380482029444,0.01799917221069336,1,0.8245955837600606
216,m392,Thy1,pre,17-18,7,6,0.2969585030467128,0.3814380482029444,0.01799917221069336,2,1.4851239855355869
216,m392,Thy1,pre,17-18,7,6,0.2969585030467128,0.3814380482029444,0.01799917221069336,3,0.6288321426072663
216,m392,Thy1,pre,17-18,7,6,0.2969585030467128,0.3814380482029444,0.01799917221069336,4,0.35036288563197465
216,m392,Thy1,pre,31-32,3,7,0.5157571388444642,0.36290947818214214,0.051057398319244385,1,0.4260465976031865
216,m392,Thy1,pre,31-32,3,7,0.5157571388444642,0.36290947818214214,0.051057398319244385,2,0.6455019020752641
216,m392,Thy1,pre,31-32,3,7,0.5157571388444642,0.36290947818214214,0.051057398319244385,3,0.5101021295239025
216,m392,Thy1,pre,31-32,3,7,0.5157571388444642,0.36290947818214214,0.051057398319244385,4,0.5103796574476005
216,m392,Thy1,pre,39-40,4,5,2.041745771760241,1.9143283213361626,0.09993630647659302,1,0.7672699711740094
216,m392,Thy1,pre,39-40,4,5,2.041745771760241,1.9143283213361626,0.09993630647659302,2,1.1605705442877519
216,m392,Thy1,pre,39-40,4,5,2.041745771760241,1.9143283213361626,0.09993630647659302,3,1.9821344386454658
216,m392,Thy1,pre,39-40,4,5,2.041745771760241,1.9143283213361626,0.09993630647659302,4,2.0828982187709086
216,m392,Thy1,post,17-18,5,5,-0.010080562522562462,0.09701861433741395,0.00844430923461914,1,0.1287569649874847
216,m392,Thy1,post,17-18,5,5,-0.010080562522562462,0.09701861433741395,0.00844430923461914,2,0.09918228074056419
216,m392,Thy1,post,17-18,5,5,-0.010080562522562462,0.09701861433741395,0.00844430923461914,3,-0.0410551459748337
216,m392,Thy1,post,17-18,5,5,-0.010080562522562462,0.09701861433741395,0.00844430923461914,4,-0.015893308575712563
216,m392,Thy1,post,31-32,8,6,0.2608747390981494,0.18064617995912968,0.017944753170013428,1,0.06561200621867312
216,m392,Thy1,post,31-32,8,6,0.2608747390981494,0.18064617995912968,0.017944753170013428,2,0.14941153633388485
216,m392,Thy1,post,31-32,8,6,0.2608747390981494,0.18064617995912968,0.017944753170013428,3,0.31831216876604934
216,m392,Thy1,post,31-32,8,6,0.2608747390981494,0.18064617995912968,0.017944753170013428,4,0.24698610744336538
216,m392,Thy1,post,39-40,7,3,2.6770199409646995,1.7557025432363988,0.04788726568222046,1,1.169836084720685
216,m392,Thy1,post,39-40,7,3,2.6770199409646995,1.7557025432363988,0.04788726568222046,2,1.3673922292337708
216,m392,Thy1,post,39-40,7,3,2.6770199409646995,1.7557025432363988,0.04788726568222046,3,1.9498021507901913
216,m392,Thy1,post,39-40,7,3,2.6770199409646995,1.7557025432363988,0.04788726568222046,4,2.619669773877962
217,m426,Thy1,pre,17-18,6,7,1.7050427076580326,0.859968349636366,0.016871094703674316,1,0.46708968815240226
217,m426,Thy1,pre,17-18,6,7,1.7050427076580326,0.859968349636366,0.016871094703674316,2,1.0004185501796974
217,m426,Thy1,pre,17-18,6,7,1.7050427076580326,0.859968349636366,0.016871094703674316,3,1.2068406592122143
217,m426,Thy1,pre,17-18,6,7,1.7050427076580326,0.859968349636366,0.016871094703674316,4,1.7060226998570753
217,m426,Thy1,pre,31-32,4,6,0.4103559488283113,0.35583110944858576,0.011118113994598389,1,0.49923944568421125
217,m426,Thy1,pre,31-32,4,6,0.4103559488283113,0.35583110944858576,0.011118113994598389,2,0.721971755136607
217,m426,Thy1,pre,31-32,4,6,0.4103559488283113,0.35583110944858576,0.011118113994598389,3,0.3427052005647724
217,m426,Thy1,pre,31-32,4,6,0.4103559488283113,0.35583110944858576,0.011118113994598389,4,0.4051703520425386
217,m426,Thy1,pre,39-40,3,5,12.460308615138159,9.10809659783214,0.22510331869125366,1,6.828079959125385
217,m426,Thy1,pre,39-40,3,5,12.460308615138159,9.10809659783214,0.22510331869125366,2,9.923096150939879
217,m426,Thy1,pre,39-40,3,5,12.460308615138159,9.10809659783214,0.22510331869125366,3,17.611031746213943
217,m426,Thy1,pre,39-40,3,5,12.460308615138159,9.10809659783214,0.22510331869125366,4,12.452562862983742
217,m426,Thy1,post,17-18,4,5,0.1077604379976123,0.1778726782819033,0.011826038360595703,1,0.08775619558182639
217,m426,Thy1,post,17-18,4,5,0.1077604379976123,0.1778726782819033,0.011826038360595703,2,0.13785144262977386
217,m426,Thy1,post,17-18,4,5,0.1077604379976123,0.1778726782819033,0.011826038360595703,3,-0.009711731898899142
217,m426,Thy1,post,17-18,4,5,0.1077604379976123,0.1778726782819033,0.011826038360595703,4,0.058261736188050216
217,m426,Thy1,post,31-32,4,6,0.46413787806731127,0.20781109472368672,0.025171756744384766,1,0.2500172775730368
217,m426,Thy1,post,31-32,4,6,0.46413787806731127,0.20781109472368672,0.025171756744384766,2,0.3869390490007447
217,m426,Thy1,post,31-32,4,6,0.46413787806731127,0.20781109472368672,0.025171756744384766,3,0.48447782479356505
217,m426,Thy1,post,31-32,4,6,0.46413787806731127,0.20781109472368672,0.025171756744384766,4,0.45116829731218266
217,m426,Thy1,post,39-40,6,3,0.27645915390879006,0.19100955524221067,0.016412436962127686,1,-0.1302287380856059
217,m426,Thy1,post,39-40,6,3,0.27645915390879006,0.19100955524221067,0.016412436962127686,2,-0.023358418353388973
217,m426,Thy1,post,39-40,6,3,0.27645915390879006,0.19100955524221067,0.016412436962127686,3,-0.03223304912168858
217,m426,Thy1,post,39-40,6,3,0.27645915390879006,0.19100955524221067,0.016412436962127686,4,0.2569155085316176
220,m392,Thy1,pre,17-18,7,4,1.1745649000952936,0.5414477206239905,0.01656728982925415,1,0.3940263232090532
220,m392,Thy1,pre,17-18,7,4,1.1745649000952936,0.5414477206239905,0.01656728982925415,2,0.37132856239253464
220,m392,Thy1,pre,17-18,7,4,1.1745649000952936,0.5414477206239905,0.01656728982925415,3,1.0819174279237274
220,m392,Thy1,pre,17-18,7,4,1.1745649000952936,0.5414477206239905,0.01656728982925415,4,1.1616293355140972
220,m392,Thy1,pre,31-32,7,7,0.24094675230669876,0.3921878222122141,0.01370018720626831,1,0.6046460578778097
220,m392,Thy1,pre,31-32,7,7,0.24094675230669876,0.3921878222122141,0.01370018720626831,2,0.21094723450873457
220,m392,Thy1,pre,31-32,7,7,0.24094675230669876,0.3921878222122141,0.01370018720626831,3,0.198451294422705
220,m392,Thy1,pre,31-32,7,7,0.24094675230669876,0.3921878222122141,0.01370018720626831,4,0.2539793995337381
220,m392,Thy1,pre,39-40,6,4,2.560662297911134,1.9922032811857155,0.1171756386756897,1,1.0951469956303532
220,m392,Thy1,pre,39-40,6,4,2.560662297911134,1.9922032811857155,0.1171756386756897,2,1.548927467329628
220,m392,Thy1,pre,39-40,6,4,2.560662297911134,1.9922032811857155,0.1171756386756897,3,2.0758387064701607
220,m392,Thy1,pre,39-40,6,4,2.560662297911134,1.9922032811857155,0.1171756386756897,4,2.5953696000335555
220,m392,Thy1,post,17-18,5,6,0.3746185554808157,0.353264850616923,0.014806926250457764,1,0.07575188761239975
220,m392,Thy1,post,17-18,5,6,0.3746185554808157,0.353264850616923,0.014806926250457764,2,0.23587948549707485
220,m392,Thy1,post,17-18,5,6,0.3746185554808157,0.353264850616923,0.014806926250457764,3,0.3527098485458868
220,m392,Thy1,post,17-18,5,6,0.3746185554808157,0.353264850616923,0.014806926250457764,4,0.3270179716717264
220,m392,Thy1,post,31-32,4,7,0.22120275916950422,0.236232555586555,0.015775084495544434,1,-0.08556665925606931
220,m392,Thy1,post,31-32,4,7,0.22120275916950422,0.236232555586555,0.015775084495544434,2,0.128109549252868
220,m392,Thy1,post,31-32,4,7,0.22120275916950422,0.236232555586555,0.015775084495544434,3,0.12061863913782617
220,m392,Thy1,post,31-32,4,7,0.22120275916950422,0.236232555586555,0.015775084495544434,4,0.22420255394407945
220,m392,Thy1,post,39-40,6,3,4.48775970736611,2.7873698748645612,0.05764877796173096,1,5.1530295341445465
220,m392,Thy1,post,39-40,6,3,4.48775970736611,2.7873698748645612,0.05764877796173096,2,3.994779169351317
220,m392,Thy1,post,39-40,6,3,4.48775970736611,2.7873698748645612,0.05764877796173096,3,3.914853369081627
220,m392,Thy1,post,39-40,6,3,4.48775970736611,2.7873698748645612,0.05764877796173096,4,4.444359567632004
221,m426,Thy1,pre,17-18,5,4,0.4037360805518253,0.6614845134102101,0.0209963321685791,1,0.7409980278118654
221,m426,Thy1,pre,17-18,5,4,0.4037360805518253,0.6614845134102101,0.0209963321685791,2,1.7681897732485328
221,m426,Thy1,pre,17-18,5,4,0.4037360805518253,0.6614845134102101,0.0209963321685791,3,0.9097560767521795
221,m426,Thy1,pre,17-18,5,4,0.4037360805518253,0.6614845134102101,0.0209963321685791,4,0.34044503792060615
221,m426,Thy1,pre,31-32,9,3,0.722432755246297,0.3124494036008143,0.01429837942123413,1,-0.08526696592665997
221,m426,Thy1,pre,31-32,9,3,0.722432755246297,0.3124494036008143,0.01429837942123413,2,0.07922373951539279
221,m426,Thy1,pre,31-32,9,3,0.722432755246297,0.3124494036008143,0.01429837942123413,3,0.3344579001414369
221,m426,Thy1,pre,31-32,9,3,0.722432755246297,0.3124494036008143,0.01429837942123413,4,0.7490370206428357
221,m426,Thy1,pre,39-40,2,5,7.0103065292497835,6.696918771733773,0.25564074516296387,1,6.4013703421891455
221,m426,Thy1,pre,39-40,2,5,7.0103065292497835,6.696918771733773,0.25564074516296387,2,8.19967127338619
221,m426,Thy1,pre,39-40,2,5,7.0103065292497835,6.696918771733773,0.25564074516296387,3,7.160201769570654
221,m426,Thy1,pre,39-40,2,5,7.0103065292497835,6.696918771733773,0.25564074516296387,4,6.983401460732364
221,m426,Thy1,post,17-18,5,7,0.3781063822285147,0.4573799024528224,0.014336884021759033,1,-0.17446405866710127
221,m426,Thy1,post,17-18,5,7,0.3781063822285147,0.4573799024528224,0.014336884021759033,2,-0.0023736527432362503
221,m426,Thy1,post,17-18,5,7,0.3781063822285147,0.4573799024528224,0.014336884021759033,3,0.2343909121729203
221,m426,Thy1,post,17-18,5,7,0.3781063822285147,0.4573799024528224,0.014336884021759033,4,0.35746194252798363
221,m426,Thy1,post,31-32,6,5,0.7516051262989815,0.40241234564793155,0.034025609493255615,1,0.5953516292433281
221,m426,Thy1,post,31-32,6,5,0.7516051262989815,0.40241234564793155,0.034025609493255615,2,0.6539562821975664
221,m426,Thy1,post,31-32,6,5,0.7516051262989815,0.40241234564793155,0.034025609493255615,3,0.5218078166398191
221,m426,Thy1,post,31-32,6,5,0.7516051262989815,0.40241234564793155,0.034025609493255615,4,0.5825952001042064
221,m426,Thy1,post,39-40,3,9,0.2644635210554754,0.19000993461881396,0.04576081037521362,1,-0.11987931509869347
221,m426,Thy1,post,39-40,3,9,0.2644635210554754,0.19000993461881396,0.04576081037521362,2,-0.03989813152365465
221,m426,Thy1,post,39-40,3,9,0.2644635210554754,0.19000993461881396,0.04576081037521362,3,0.14080453813916896
221,m426,Thy1,post,39-40,3,9,0.2644635210554754,0.19000993461881396,0.04576081037521362,4,0.20117393751671994
223,m392,Thy1,pre,17-18,5,2,0.17332921298732615,0.4814691591879786,0.02458477020263672,1,0.3707464427790976
223,m392,Thy1,pre,17-18,5,2,0.17332921298732615,0.4814691591879786,0.02458477020263672,2,-0.1946909176037882
223,m392,Thy1,pre,17-18,5,2,0.17332921298732615,0.4814691591879786,0.02458477020263672,3,-0.03309791080564918
223,m392,Thy1,pre,17-18,5,2,0.17332921298732615,0.4814691591879786,0.02458477020263672,4,0.27548531019535394
223,m392,Thy1,pre,31-32,4,2,1.136249818540816,0.7115367741155898,0.029708147048950195,1,2.7021580950698145
223,m392,Thy1,pre,31-32,4,2,1.136249818540816,0.7115367741155898,0.029708147048950195,2,2.699970737883714
223,m392,Thy1,pre,31-32,4,2,1.136249818540816,0.7115367741155898,0.029708147048950195,3,1.7540431035077935
223,m392,Thy1,pre,31-32,4,2,1.136249818540816,0.7115367741155898,0.029708147048950195,4,1.0518408143000928
223,m392,Thy1,pre,39-40,8,4,4.66992555938216,2.6378931720872503,0.1536213755607605,1,1.4599434741928263
223,m392,Thy1,pre,39-40,8,4,4.66992555938216,2.6378931720872503,0.1536213755607605,2,2.798412906685188
223,m392,Thy1,pre,39-40,8,4,4.66992555938216,2.6378931720872503,0.1536213755607605,3,3.507764834485721
223,m392,Thy1,pre,39-40,8,4,4.66992555938216,2.6378931720872503,0.1536213755607605,4,4.669597366272501
223,m392,Thy1,post,17-18,8,3,0.7536036650864566,0.6626262547102274,0.021374523639678955,1,0.04058514254999893
223,m392,Thy1,post,17-18,8,3,0.7536036650864566,0.6626262547102274,0.021374523639678955,2,0.3361349529124098
223,m392,Thy1,post,17-18,8,3,0.7536036650864566,0.6626262547102274,0.021374523639678955,3,0.5200822712899594
223,m392,Thy1,post,17-18,8,3,0.7536036650864566,0.6626262547102274,0.021374523639678955,4,0.8216557292206539
223,m392,Thy1,post,31-32,4,5,0.26062789785795665,0.3317967534806375,0.02322453260421753,1,0.0990068588212998
223,m392,Thy1,post,31-32,4,5,0.26062789785795665,0.3317967534806375,0.02322453260421753,2,0.19877029681441308
223,m392,Thy1,post,31-32,4,5,0.26062789785795665,0.3317967534806375,0.02322453260421753,3,0.15460743529824664
223,m392,Thy1,post,31-32,4,5,0.26062789785795665,0.3317967534806375,0.02322453260421753,4,0.247312108693915
223,m392,Thy1,post,39-40,6,3,3.634637344025128,2.0768407492571064,0.10949760675430298,1,1.4195049966936986
223,m392,Thy1,post,39-40,6,3,3.634637344025128,2.0768407492571064,0.10949760675430298,2,2.1474116644411856
223,m392,Thy1,post,39-40,6,3,3.634637344025128,2.0768407492571064,0.10949760675430298,3,2.801586707928894
223,m392,Thy1,post,39-40,6,3,3.634637344025128,2.0768407492571064,0.10949760675430298,4,3.5803462844097416
224,m426,Thy1,pre,17-18,3,3,1.4658184325813068,0.8515338107720649,0.029042720794677734,1,0.47009129808993677
224,m426,Thy1,pre,17-18,3,3,1.4658184325813068,0.8515338107720649,0.029042720794677734,2,1.313579536804979
224,m426,Thy1,pre,17-18,3,3,1.4658184325813068,0.8515338107720649,0.029042720794677734,3,1.3569366166082988
224,m426,Thy1,pre,17-18,3,3,1.4658184325813068,0.8515338107720649,0.029042720794677734,4,1.428672999164756
224,m426,Thy1,pre,31-32,2,5,1.4443514738143874,1.2032031963958925,0.03319615125656128,1,0.6365472190932946
224,m426,Thy1,pre,31-32,2,5,1.4443514738143874,1.2032031963958925,0.03319615125656128,2,0.7063451234990907
224,m426,Thy1,pre,31-32,2,5,1.4443514738143874,1.2032031963958925,0.03319615125656128,3,1.2620997081788576
224,m426,Thy1,pre,31-32,2,5,1.4443514738143874,1.2032031963958925,0.03319615125656128,4,1.4808350310964218
224,m426,Thy1,pre,39-40,6,6,4.381124271918948,2.1877597743859956,0.31204652786254883,1,2.192116171037921
224,m426,Thy1,pre,39-40,6,6,4.381124271918948,2.1877597743859956,0.31204652786254883,2,4.937548280818158
224,m426,Thy1,pre,39-40,6,6,4.381124271918948,2.1877597743859956,0.31204652786254883,3,5.421544939809217
224,m426,Thy1,pre,39-40,6,6,4.381124271918948,2.1877597743859956,0.31204652786254883,4,4.357084923419982
224,m426,Thy1,post,17-18,7,3,1.0104831964272467,0.9672333749888598,0.028337955474853516,1,0.5681797420222633
224,m426,Thy1,post,17-18,7,3,1.0104831964272467,0.9672333749888598,0.028337955474853516,2,0.848202413147676
224,m426,Thy1,post,17-18,7,3,1.0104831964272467,0.9672333749888598,0.028337955474853516,3,1.100438208122846
224,m426,Thy1,post,17-18,7,3,1.0104831964272467,0.9672333749888598,0.028337955474853516,4,1.004717022855791
224,m426,Thy1,post,31-32,7,5,0.13413503680474034,0.030237515397710604,0.018120884895324707,1,-0.14408009880292344
224,m426,Thy1,post,31-32,7,5,0.13413503680474034,0.030237515397710604,0.018120884895324707,2,0.001660892331288671
224,m426,Thy1,post,31-32,7,5,0.13413503680474034,0.030237515397710604,0.018120884895324707,3,0.019507846441251277
224,m426,Thy1,post,31-32,7,5,0.13413503680474034,0.030237515397710604,0.018120884895324707,4,0.08597636851260987
224,m426,Thy1,post,39-40,5,5,0.16442411809484964,0.2876549256584017,0.04084128141403198,1,0.0765653073565463
224,m426,Thy1,post,39-40,5,5,0.16442411809484964,0.2876549256584017,0.04084128141403198,2,-0.07042462040802731
224,m426,Thy1,post,39-40,5,5,0.16442411809484964,0.2876549256584017,0.04084128141403198,3,0.07416725519944152
224,m426,Thy1,post,39-40,5,5,0.16442411809484964,0.2876549256584017,0.04084128141403198,4,0.1202447287759162
