group_id,mouse,line,depth_class,compartment,state,pair,n_a,n_b,integrated_crossnobis,integrated_null_z,integrated_cosine,spatiotemporal_crossnobis,spatiotemporal_null_z,time_s,one_second_crossnobis,cumulative_crossnobis
199,m465,TH,superficial,somas,pre,17-18,2,4,-0.3631966229997793,-0.7992855357289457,0.12049716711044312,-0.05273785945260775,-0.8105511978789911,1.0,0.43464109156826675,0.42783855503710505
199,m465,TH,superficial,somas,pre,17-18,2,4,-0.3631966229997793,-0.7992855357289457,0.12049716711044312,-0.05273785945260775,-0.8105511978789911,2.0,0.5602778679879693,0.4966799787457184
199,m465,TH,superficial,somas,pre,17-18,2,4,-0.3631966229997793,-0.7992855357289457,0.12049716711044312,-0.05273785945260775,-0.8105511978789911,3.0,-0.7655753364716665,0.01336940364538893
199,m465,TH,superficial,somas,pre,17-18,2,4,-0.3631966229997793,-0.7992855357289457,0.12049716711044312,-0.05273785945260775,-0.8105511978789911,4.0,-0.6585430746321836,-0.5516091625571095
199,m465,TH,superficial,somas,pre,39-40,5,6,-0.15237343275942158,-0.6821465875726752,0.09868824481964111,-0.18910006397496862,-0.6426751580655773,1.0,-0.14913504675517203,-0.14970488997040213
199,m465,TH,superficial,somas,pre,39-40,5,6,-0.15237343275942158,-0.6821465875726752,0.09868824481964111,-0.18910006397496862,-0.6426751580655773,2.0,-0.19923237185472556,-0.2868262100088666
199,m465,TH,superficial,somas,pre,39-40,5,6,-0.15237343275942158,-0.6821465875726752,0.09868824481964111,-0.18910006397496862,-0.6426751580655773,3.0,-0.19903808685459576,-0.2661405972157682
199,m465,TH,superficial,somas,pre,39-40,5,6,-0.15237343275942158,-0.6821465875726752,0.09868824481964111,-0.18910006397496862,-0.6426751580655773,4.0,-0.15582128774840978,-0.1296403414368327
199,m465,TH,superficial,somas,post,17-18,6,6,0.04469790296789876,-0.7254126375760861,0.08570539951324463,0.03969450692732416,-0.9023746796905491,1.0,0.11999180082291772,0.11524188738968134
199,m465,TH,superficial,somas,post,17-18,6,6,0.04469790296789876,-0.7254126375760861,0.08570539951324463,0.03969450692732416,-0.9023746796905491,2.0,0.03685621812519477,0.09756762642116161
199,m465,TH,superficial,somas,post,17-18,6,6,0.04469790296789876,-0.7254126375760861,0.08570539951324463,0.03969450692732416,-0.9023746796905491,3.0,-0.0035904204564499516,0.04552202908187535
199,m465,TH,superficial,somas,post,17-18,6,6,0.04469790296789876,-0.7254126375760861,0.08570539951324463,0.03969450692732416,-0.9023746796905491,4.0,0.012905661908136903,0.046428988125113986
199,m465,TH,superficial,somas,post,31-32,7,4,0.05905788521996095,-0.2084017399371119,0.10196709632873535,0.07179512428070832,-0.6759586271266886,1.0,0.011570395873836325,0.014159884189206847
199,m465,TH,superficial,somas,post,31-32,7,4,0.05905788521996095,-0.2084017399371119,0.10196709632873535,0.07179512428070832,-0.6759586271266886,2.0,0.030794402483229847,0.06110526118585442
199,m465,TH,superficial,somas,post,31-32,7,4,0.05905788521996095,-0.2084017399371119,0.10196709632873535,0.07179512428070832,-0.6759586271266886,3.0,0.07147159878406366,0.17047070495397648
199,m465,TH,superficial,somas,post,31-32,7,4,0.05905788521996095,-0.2084017399371119,0.10196709632873535,0.07179512428070832,-0.6759586271266886,4.0,0.1644414378326143,0.06677141468388287
199,m465,TH,superficial,somas,post,39-40,6,8,0.18405645653515307,1.3332730819919738,0.11673939228057861,0.11046857503515703,0.41965751297699244,1.0,0.06375735319611639,0.07517407235199935
199,m465,TH,superficial,somas,post,39-40,6,8,0.18405645653515307,1.3332730819919738,0.11673939228057861,0.11046857503515703,0.41965751297699244,2.0,0.07981258835247178,0.10737717278211333
199,m465,TH,superficial,somas,post,39-40,6,8,0.18405645653515307,1.3332730819919738,0.11673939228057861,0.11046857503515703,0.41965751297699244,3.0,0.06869285804793053,0.13500126478390878
199,m465,TH,superficial,somas,post,39-40,6,8,0.18405645653515307,1.3332730819919738,0.11673939228057861,0.11046857503515703,0.41965751297699244,4.0,0.26823467553002367,0.16408822315092778
199,m465,TH,superficial,processes,pre,17-18,2,4,-0.26503843786688086,-0.8876761582221937,0.20178455114364624,0.6439185791179696,-0.26698404348441296,1.0,2.69156885366666,2.7098720781551937
199,m465,TH,superficial,processes,pre,17-18,2,4,-0.26503843786688086,-0.8876761582221937,0.20178455114364624,0.6439185791179696,-0.26698404348441296,2.0,0.5244285872967357,1.0402135370734649
199,m465,TH,superficial,processes,pre,17-18,2,4,-0.26503843786688086,-0.8876761582221937,0.20178455114364624,0.6439185791179696,-0.26698404348441296,3.0,-0.40416912810009703,0.3386885878298874
199,m465,TH,superficial,processes,pre,17-18,2,4,-0.26503843786688086,-0.8876761582221937,0.20178455114364624,0.6439185791179696,-0.26698404348441296,4.0,-0.36163783146196576,-0.3552964588286734
199,m465,TH,superficial,processes,pre,39-40,5,6,0.015834116454587308,-0.4097064516750463,0.242121160030365,-0.04534378258544588,-0.4127811273138779,1.0,-0.007016643778161267,-0.034747582862432284
199,m465,TH,superficial,processes,pre,39-40,5,6,0.015834116454587308,-0.4097064516750463,0.242121160030365,-0.04534378258544588,-0.4127811273138779,2.0,-0.07369225257394388,-0.11196397887886309
199,m465,TH,superficial,processes,pre,39-40,5,6,0.015834116454587308,-0.4097064516750463,0.242121160030365,-0.04534378258544588,-0.4127811273138779,3.0,-0.04444056967010939,-0.03324901436418601
199,m465,TH,superficial,processes,pre,39-40,5,6,0.015834116454587308,-0.4097064516750463,0.242121160030365,-0.04534378258544588,-0.4127811273138779,4.0,0.052343747971359246,0.03687889056081919
199,m465,TH,superficial,processes,post,17-18,6,6,0.14532041856535868,0.6662973278604061,0.05925029516220093,0.13302532534455097,1.2360689896059973,1.0,0.15754696057675951,0.16621769420148197
199,m465,TH,superficial,processes,post,17-18,6,6,0.14532041856535868,0.6662973278604061,0.05925029516220093,0.13302532534455097,1.2360689896059973,2.0,0.12675148127254238,0.1555160854865885
199,m465,TH,superficial,processes,post,17-18,6,6,0.14532041856535868,0.6662973278604061,0.05925029516220093,0.13302532534455097,1.2360689896059973,3.0,0.06679806785345094,0.12123485144030957
199,m465,TH,superficial,processes,post,17-18,6,6,0.14532041856535868,0.6662973278604061,0.05925029516220093,0.13302532534455097,1.2360689896059973,4.0,0.17482134882178021,0.1523278636095643
199,m465,TH,superficial,processes,post,31-32,7,4,0.06738072731155935,-0.1769689082781206,0.09326314926147461,0.12193712903162938,-0.08245440609216215,1.0,0.14184815775021528,0.1477300055433674
199,m465,TH,superficial,processes,post,31-32,7,4,0.06738072731155935,-0.1769689082781206,0.09326314926147461,0.12193712903162938,-0.08245440609216215,2.0,0.16889819623756652,0.17558894503518394
199,m465,TH,superficial,processes,post,31-32,7,4,0.06738072731155935,-0.1769689082781206,0.09326314926147461,0.12193712903162938,-0.08245440609216215,3.0,0.1542772410322626,0.15838172164910838
199,m465,TH,superficial,processes,post,31-32,7,4,0.06738072731155935,-0.1769689082781206,0.09326314926147461,0.12193712903162938,-0.08245440609216215,4.0,0.007286353075265253,0.0695326160593387
199,m465,TH,superficial,processes,post,39-40,6,8,0.06155352028597905,0.09596500608539273,0.07209831476211548,0.05420722101951098,-0.1461507776205331,1.0,0.07372515982151112,0.07968654674870966
199,m465,TH,superficial,processes,post,39-40,6,8,0.06155352028597905,0.09596500608539273,0.07209831476211548,0.05420722101951098,-0.1461507776205331,2.0,0.05751060570439104,0.027573838492214543
199,m465,TH,superficial,processes,post,39-40,6,8,0.06155352028597905,0.09596500608539273,0.07209831476211548,0.05420722101951098,-0.1461507776205331,3.0,0.04111774065262667,0.04150285065484379
199,m465,TH,superficial,processes,post,39-40,6,8,0.06155352028597905,0.09596500608539273,0.07209831476211548,0.05420722101951098,-0.1461507776205331,4.0,0.07192336628283438,0.0407414961567644
201,m472,DAT,superficial,somas,pre,17-18,5,2,1.0873925684788228,0.8820748721322687,0.8830572962760925,0.8100631308371,0.2701101666025362,1.0,1.011499395223287,1.0158462739967407
201,m472,DAT,superficial,somas,pre,17-18,5,2,1.0873925684788228,0.8820748721322687,0.8830572962760925,0.8100631308371,0.2701101666025362,2.0,0.06608483281828507,0.3842831022669774
201,m472,DAT,superficial,somas,pre,17-18,5,2,1.0873925684788228,0.8820748721322687,0.8830572962760925,0.8100631308371,0.2701101666025362,3.0,1.0068322242835863,0.6954564993908968
201,m472,DAT,superficial,somas,pre,17-18,5,2,1.0873925684788228,0.8820748721322687,0.8830572962760925,0.8100631308371,0.2701101666025362,4.0,1.2461190339363422,1.0526396064209582
201,m472,DAT,superficial,somas,pre,31-32,7,4,0.5853324732299607,2.267895533864074,0.04972797632217407,0.555980587403758,2.670846533623773,1.0,0.745224944460767,0.7383336994795973
201,m472,DAT,superficial,somas,pre,31-32,7,4,0.5853324732299607,2.267895533864074,0.04972797632217407,0.555980587403758,2.670846533623773,2.0,0.640539281573941,0.8145532799584034
201,m472,DAT,superficial,somas,pre,31-32,7,4,0.5853324732299607,2.267895533864074,0.04972797632217407,0.555980587403758,2.670846533623773,3.0,0.5782064601749387,0.7914047680365836
201,m472,DAT,superficial,somas,pre,31-32,7,4,0.5853324732299607,2.267895533864074,0.04972797632217407,0.555980587403758,2.670846533623773,4.0,0.22009205547521843,0.5751812802712987
201,m472,DAT,superficial,somas,pre,39-40,6,5,-0.052792989974053496,-0.5428964384393802,0.11820214986801147,0.24426891875550552,0.4787843400242669,1.0,0.6219519376510539,0.592925582350148
201,m472,DAT,superficial,somas,pre,39-40,6,5,-0.052792989974053496,-0.5428964384393802,0.11820214986801147,0.24426891875550552,0.4787843400242669,2.0,0.23138611805977405,0.5308517456455221
201,m472,DAT,superficial,somas,pre,39-40,6,5,-0.052792989974053496,-0.5428964384393802,0.11820214986801147,0.24426891875550552,0.4787843400242669,3.0,-0.05817689795388263,0.042541924994560755
201,m472,DAT,superficial,somas,pre,39-40,6,5,-0.052792989974053496,-0.5428964384393802,0.11820214986801147,0.24426891875550552,0.4787843400242669,4.0,0.17817756769031956,-0.024604285582282708
201,m472,DAT,superficial,somas,post,17-18,3,6,0.07196365914743416,-0.3151209853270384,0.10211294889450073,0.10244742966801194,-0.6127016717612372,1.0,-0.11570015126354916,-0.10727539840192367
201,m472,DAT,superficial,somas,post,17-18,3,6,0.07196365914743416,-0.3151209853270384,0.10211294889450073,0.10244742966801194,-0.6127016717612372,2.0,0.08261779085372263,-0.03824406904417099
201,m472,DAT,superficial,somas,post,17-18,3,6,0.07196365914743416,-0.3151209853270384,0.10211294889450073,0.10244742966801194,-0.6127016717612372,3.0,0.12358734604490543,-0.01422626448511974
201,m472,DAT,superficial,somas,post,17-18,3,6,0.07196365914743416,-0.3151209853270384,0.10211294889450073,0.10244742966801194,-0.6127016717612372,4.0,0.3078975227108304,0.07614836214864054
201,m472,DAT,superficial,somas,post,31-32,6,7,-0.011161494029589792,-0.3128601839323069,0.0429157018661499,-0.00811833821487574,-0.2886347405768505,1.0,-0.0397678128764205,-0.04417494008808405
201,m472,DAT,superficial,somas,post,31-32,6,7,-0.011161494029589792,-0.3128601839323069,0.0429157018661499,-0.00811833821487574,-0.2886347405768505,2.0,-0.09091735277278892,-0.09131153405154496
201,m472,DAT,superficial,somas,post,31-32,6,7,-0.011161494029589792,-0.3128601839323069,0.0429157018661499,-0.00811833821487574,-0.2886347405768505,3.0,-0.07435959901819957,-0.1047031653603858
201,m472,DAT,superficial,somas,post,31-32,6,7,-0.011161494029589792,-0.3128601839323069,0.0429157018661499,-0.00811833821487574,-0.2886347405768505,4.0,0.19558541021763573,-0.0312337326055074
201,m472,DAT,superficial,somas,post,39-40,7,6,-0.004074648255824727,-0.36900309441502105,0.04508841037750244,0.03314030557519643,-0.16499570638922595,1.0,0.0035730664606641897,0.0061640140121142295
201,m472,DAT,superficial,somas,post,39-40,7,6,-0.004074648255824727,-0.36900309441502105,0.04508841037750244,0.03314030557519643,-0.16499570638922595,2.0,0.05994890784901583,0.004529042379563953
201,m472,DAT,superficial,somas,post,39-40,7,6,-0.004074648255824727,-0.36900309441502105,0.04508841037750244,0.03314030557519643,-0.16499570638922595,3.0,0.053093491097855355,0.0388702457577127
201,m472,DAT,superficial,somas,post,39-40,7,6,-0.004074648255824727,-0.36900309441502105,0.04508841037750244,0.03314030557519643,-0.16499570638922595,4.0,-0.00559410995164219,-0.023712174356528417
201,m472,DAT,superficial,processes,pre,17-18,5,2,0.6518128160664673,0.19864168592789985,0.9206122756004333,0.6724171664344126,0.13509359491125836,1.0,1.1022015174999085,1.097871386402232
201,m472,DAT,superficial,processes,pre,17-18,5,2,0.6518128160664673,0.19864168592789985,0.9206122756004333,0.6724171664344126,0.13509359491125836,2.0,0.18617911839808998,0.5059335288233777
201,m472,DAT,superficial,processes,pre,17-18,5,2,0.6518128160664673,0.19864168592789985,0.9206122756004333,0.6724171664344126,0.13509359491125836,3.0,0.897366612195297,0.7254690377303135
201,m472,DAT,superficial,processes,pre,17-18,5,2,0.6518128160664673,0.19864168592789985,0.9206122756004333,0.6724171664344126,0.13509359491125836,4.0,0.4872309805313815,0.6250823836072352
201,m472,DAT,superficial,processes,pre,31-32,7,4,0.30880709477219326,1.3666346742465152,0.0362476110458374,0.3649593185668886,1.8933495302748582,1.0,0.5691660442857689,0.5563751061000957
201,m472,DAT,superficial,processes,pre,31-32,7,4,0.30880709477219326,1.3666346742465152,0.0362476110458374,0.3649593185668886,1.8933495302748582,2.0,0.3045037151317691,0.40818961882956456
201,m472,DAT,superficial,processes,pre,31-32,7,4,0.30880709477219326,1.3666346742465152,0.0362476110458374,0.3649593185668886,1.8933495302748582,3.0,0.34694679833749753,0.39666342821432315
201,m472,DAT,superficial,processes,pre,31-32,7,4,0.30880709477219326,1.3666346742465152,0.0362476110458374,0.3649593185668886,1.8933495302748582,4.0,0.16489800937563387,0.3023866100687294
201,m472,DAT,superficial,processes,pre,39-40,6,5,0.0197640992836562,-0.2940751175166282,0.15163177251815796,0.2781273532862624,0.6257419587243771,1.0,0.7362620140520951,0.7224065434234888
201,m472,DAT,superficial,processes,pre,39-40,6,5,0.0197640992836562,-0.2940751175166282,0.15163177251815796,0.2781273532862624,0.6257419587243771,2.0,0.19419722133483225,0.5643477323286256
201,m472,DAT,superficial,processes,pre,39-40,6,5,0.0197640992836562,-0.2940751175166282,0.15163177251815796,0.2781273532862624,0.6257419587243771,3.0,0.043837181907885506,0.10454491211844565
201,m472,DAT,superficial,processes,pre,39-40,6,5,0.0197640992836562,-0.2940751175166282,0.15163177251815796,0.2781273532862624,0.6257419587243771,4.0,0.12285142734405838,0.0642320949752873
201,m472,DAT,superficial,processes,post,17-18,3,6,0.1041977556870907,0.3097158422842082,0.08512508869171143,0.12278885335052972,-0.328971794355798,1.0,-0.0973042802953044,-0.07464780476987042
201,m472,DAT,superficial,processes,post,17-18,3,6,0.1041977556870907,0.3097158422842082,0.08512508869171143,0.12278885335052972,-0.328971794355798,2.0,0.10665853249778728,-0.017714305764429554
201,m472,DAT,superficial,processes,post,17-18,3,6,0.1041977556870907,0.3097158422842082,0.08512508869171143,0.12278885335052972,-0.328971794355798,3.0,0.19883623731208017,0.02614686313377298
201,m472,DAT,superficial,processes,post,17-18,3,6,0.1041977556870907,0.3097158422842082,0.08512508869171143,0.12278885335052972,-0.328971794355798,4.0,0.24015030373241564,0.10280634164747478
201,m472,DAT,superficial,processes,post,31-32,6,7,0.027926022153027738,-0.09376593850407124,0.04566943645477295,0.019050674360019604,-0.14318839113555826,1.0,-0.021948997281608932,-0.03493313895824239
201,m472,DAT,superficial,processes,post,31-32,6,7,0.027926022153027738,-0.09376593850407124,0.04566943645477295,0.019050674360019604,-0.14318839113555826,2.0,-0.03206838812437394,-0.058692350608496216
201,m472,DAT,superficial,processes,post,31-32,6,7,0.027926022153027738,-0.09376593850407124,0.04566943645477295,0.019050674360019604,-0.14318839113555826,3.0,-0.06082757274381715,-0.058076480142188455
201,m472,DAT,superficial,processes,post,31-32,6,7,0.027926022153027738,-0.09376593850407124,0.04566943645477295,0.019050674360019604,-0.14318839113555826,4.0,0.22179761622501842,0.008969864454506638
201,m472,DAT,superficial,processes,post,39-40,7,6,0.04226511844291179,-0.010556374174270255,0.036762237548828125,0.045271618973551336,-0.03563410692618519,1.0,0.02457384017748659,0.027056525509041748
201,m472,DAT,superficial,processes,post,39-40,7,6,0.04226511844291179,-0.010556374174270255,0.036762237548828125,0.045271618973551336,-0.03563410692618519,2.0,0.042391450800127566,0.030584705436874794
201,m472,DAT,superficial,processes,post,39-40,7,6,0.04226511844291179,-0.010556374174270255,0.036762237548828125,0.045271618973551336,-0.03563410692618519,3.0,0.07233257452768593,0.07498534169933276
201,m472,DAT,superficial,processes,post,39-40,7,6,0.04226511844291179,-0.010556374174270255,0.036762237548828125,0.045271618973551336,-0.03563410692618519,4.0,-0.01274626349979486,0.014377517657844341
202,m496,DAT,superficial,somas,pre,17-18,6,6,0.09862657262498081,0.17499484734573956,0.07678699493408203,0.0902729514402201,0.31399110937250185,1.0,0.14518715141159938,0.14466576568270914
202,m496,DAT,superficial,somas,pre,17-18,6,6,0.09862657262498081,0.17499484734573956,0.07678699493408203,0.0902729514402201,0.31399110937250185,2.0,0.09414721121253769,0.05759930126173319
202,m496,DAT,superficial,somas,pre,17-18,6,6,0.09862657262498081,0.17499484734573956,0.07678699493408203,0.0902729514402201,0.31399110937250185,3.0,0.027218326601937723,0.10750414071649564
202,m496,DAT,superficial,somas,pre,17-18,6,6,0.09862657262498081,0.17499484734573956,0.07678699493408203,0.0902729514402201,0.31399110937250185,4.0,0.045736868681900036,0.09222109567114985
202,m496,DAT,superficial,somas,pre,31-32,7,6,0.36743235327164,2.529774609387446,0.018137454986572266,0.2237434968286366,1.5624012242251173,1.0,0.001795401673423845,0.010798671688861384
202,m496,DAT,superficial,somas,pre,31-32,7,6,0.36743235327164,2.529774609387446,0.018137454986572266,0.2237434968286366,1.5624012242251173,2.0,0.32992245610621596,0.16322216489748936
202,m496,DAT,superficial,somas,pre,31-32,7,6,0.36743235327164,2.529774609387446,0.018137454986572266,0.2237434968286366,1.5624012242251173,3.0,0.3119832553753889,0.389513207873338
202,m496,DAT,superficial,somas,pre,31-32,7,6,0.36743235327164,2.529774609387446,0.018137454986572266,0.2237434968286366,1.5624012242251173,4.0,0.27082740757271806,0.34781544182031215
202,m496,DAT,superficial,somas,pre,39-40,5,3,0.14825447993982474,-0.2275470973920655,0.21622401475906372,0.19484375517660954,-0.015656753275160085,1.0,0.3133546639442895,0.3148748585223528
202,m496,DAT,superficial,somas,pre,39-40,5,3,0.14825447993982474,-0.2275470973920655,0.21622401475906372,0.19484375517660954,-0.015656753275160085,2.0,-0.25977953459708913,-0.147318352079463
202,m496,DAT,superficial,somas,pre,39-40,5,3,0.14825447993982474,-0.2275470973920655,0.21622401475906372,0.19484375517660954,-0.015656753275160085,3.0,0.22152026418267312,0.0022667004879901548
202,m496,DAT,superficial,somas,pre,39-40,5,3,0.14825447993982474,-0.2275470973920655,0.21622401475906372,0.19484375517660954,-0.015656753275160085,4.0,0.41666029862206666,0.13379439929619819
202,m496,DAT,superficial,somas,post,17-18,8,5,-0.057314435847408876,-0.6616439894369949,0.05727654695510864,-0.06786186767820977,-0.5786029655171309,1.0,-0.09203273198561897,-0.07927862398150966
202,m496,DAT,superficial,somas,post,17-18,8,5,-0.057314435847408876,-0.6616439894369949,0.05727654695510864,-0.06786186767820977,-0.5786029655171309,2.0,-0.0329502724613613,-0.05138621100602257
202,m496,DAT,superficial,somas,post,17-18,8,5,-0.057314435847408876,-0.6616439894369949,0.05727654695510864,-0.06786186767820977,-0.5786029655171309,3.0,-0.10168021143121707,-0.08178959403030552
202,m496,DAT,superficial,somas,post,17-18,8,5,-0.057314435847408876,-0.6616439894369949,0.05727654695510864,-0.06786186767820977,-0.5786029655171309,4.0,-0.08767864588500933,-0.05690523812393291
202,m496,DAT,superficial,somas,post,31-32,2,4,1.2207765894270148,-0.01545146216931014,0.06892561912536621,1.5399435258386278,1.223342665600998,1.0,1.3543361576100381,1.3996930258814497
202,m496,DAT,superficial,somas,post,31-32,2,4,1.2207765894270148,-0.01545146216931014,0.06892561912536621,1.5399435258386278,1.223342665600998,2.0,1.766812649375706,1.150192856199107
202,m496,DAT,superficial,somas,post,31-32,2,4,1.2207765894270148,-0.01545146216931014,0.06892561912536621,1.5399435258386278,1.223342665600998,3.0,2.8460275519803284,1.601949627494043
202,m496,DAT,superficial,somas,post,31-32,2,4,1.2207765894270148,-0.01545146216931014,0.06892561912536621,1.5399435258386278,1.223342665600998,4.0,0.12537002599999922,1.2364377390104617
202,m496,DAT,superficial,somas,post,39-40,4,5,0.42358536528188284,0.21959013584771747,0.10281383991241455,0.3306739238264346,-0.0021890951406478543,1.0,-0.05528888665689122,-0.06387592410645371
202,m496,DAT,superficial,somas,post,39-40,4,5,0.42358536528188284,0.21959013584771747,0.10281383991241455,0.3306739238264346,-0.0021890951406478543,2.0,0.3951128482486204,0.042807412164646515
202,m496,DAT,superficial,somas,post,39-40,4,5,0.42358536528188284,0.21959013584771747,0.10281383991241455,0.3306739238264346,-0.0021890951406478543,3.0,0.5347031384389784,0.3000447431204639
202,m496,DAT,superficial,somas,post,39-40,4,5,0.42358536528188284,0.21959013584771747,0.10281383991241455,0.3306739238264346,-0.0021890951406478543,4.0,0.5382598950814133,0.4842157332696732
202,m496,DAT,superficial,processes,pre,17-18,6,6,0.15318063031423063,0.3875829653568787,0.08042412996292114,0.10373963556455403,0.2654401232739908,1.0,0.20218692496324453,0.19548171291646774
202,m496,DAT,superficial,processes,pre,17-18,6,6,0.15318063031423063,0.3875829653568787,0.08042412996292114,0.10373963556455403,0.2654401232739908,2.0,0.08079322199898203,0.05855605348724886
202,m496,DAT,superficial,processes,pre,17-18,6,6,0.15318063031423063,0.3875829653568787,0.08042412996292114,0.10373963556455403,0.2654401232739908,3.0,0.032795258970044226,0.14632321483002997
202,m496,DAT,superficial,processes,pre,17-18,6,6,0.15318063031423063,0.3875829653568787,0.08042412996292114,0.10373963556455403,0.2654401232739908,4.0,0.06537783842341467,0.14658924146772842
202,m496,DAT,superficial,processes,pre,31-32,7,6,0.46021801295871273,2.611408105872086,0.014940977096557617,0.3006924829256255,2.3430966139396956,1.0,0.15658818474212136,0.1739014401579877
202,m496,DAT,superficial,processes,pre,31-32,7,6,0.46021801295871273,2.611408105872086,0.014940977096557617,0.3006924829256255,2.3430966139396956,2.0,0.5779995040636332,0.39259215124490743
202,m496,DAT,superficial,processes,pre,31-32,7,6,0.46021801295871273,2.611408105872086,0.014940977096557617,0.3006924829256255,2.3430966139396956,3.0,0.23010847547667784,0.47904721493939384
202,m496,DAT,superficial,processes,pre,31-32,7,6,0.46021801295871273,2.611408105872086,0.014940977096557617,0.3006924829256255,2.3430966139396956,4.0,0.2611037226993012,0.44518373442311276
202,m496,DAT,superficial,processes,pre,39-40,5,3,0.573757481206201,0.14853374810085945,0.2216113805770874,0.44081505755691774,0.501837167410731,1.0,0.4692034627114143,0.4909250581838391
202,m496,DAT,superficial,processes,pre,39-40,5,3,0.573757481206201,0.14853374810085945,0.2216113805770874,0.44081505755691774,0.501837167410731,2.0,0.12463328009387839,0.1969249779411161
202,m496,DAT,superficial,processes,pre,39-40,5,3,0.573757481206201,0.14853374810085945,0.2216113805770874,0.44081505755691774,0.501837167410731,3.0,0.4979133198983608,0.3959091043917574
202,m496,DAT,superficial,processes,pre,39-40,5,3,0.573757481206201,0.14853374810085945,0.2216113805770874,0.44081505755691774,0.501837167410731,4.0,0.5784556145132999,0.5274462138099267
202,m496,DAT,superficial,processes,post,17-18,8,5,0.048113762940431376,-0.07690549310960781,0.041171133518218994,0.034826537654504316,-0.283781598686936,1.0,0.02421162154331172,0.023254259039754796
202,m496,DAT,superficial,processes,post,17-18,8,5,0.048113762940431376,-0.07690549310960781,0.041171133518218994,0.034826537654504316,-0.283781598686936,2.0,0.10090635635928974,0.10560503205731317
202,m496,DAT,superficial,processes,post,17-18,8,5,0.048113762940431376,-0.07690549310960781,0.041171133518218994,0.034826537654504316,-0.283781598686936,3.0,-0.057859777877517206,0.024489998444493507
202,m496,DAT,superficial,processes,post,17-18,8,5,0.048113762940431376,-0.07690549310960781,0.041171133518218994,0.034826537654504316,-0.283781598686936,4.0,0.044764793808776626,0.06542845553024804
202,m496,DAT,superficial,processes,post,31-32,2,4,0.8823797283651369,-0.06844962357149734,0.04750150442123413,1.362985358183099,0.8520640867849486,1.0,1.2458677906212958,1.3053145513911448
202,m496,DAT,superficial,processes,post,31-32,2,4,0.8823797283651369,-0.06844962357149734,0.04750150442123413,1.362985358183099,0.8520640867849486,2.0,2.0384965290069283,1.073042129166821
202,m496,DAT,superficial,processes,post,31-32,2,4,0.8823797283651369,-0.06844962357149734,0.04750150442123413,1.362985358183099,0.8520640867849486,3.0,2.0515183001067077,1.3925868806368165
202,m496,DAT,superficial,processes,post,31-32,2,4,0.8823797283651369,-0.06844962357149734,0.04750150442123413,1.362985358183099,0.8520640867849486,4.0,0.0162951265224079,0.9064888410361689
202,m496,DAT,superficial,processes,post,39-40,4,5,0.35082153410720784,0.07572966826518686,0.10101485252380371,0.3192688829340044,-0.011017076314607552,1.0,-0.08450178167314042,-0.09910600860442681
202,m496,DAT,superficial,processes,post,39-40,4,5,0.35082153410720784,0.07572966826518686,0.10101485252380371,0.3192688829340044,-0.011017076314607552,2.0,0.22216826307254317,-0.08524909726765355
202,m496,DAT,superficial,processes,post,39-40,4,5,0.35082153410720784,0.07572966826518686,0.10101485252380371,0.3192688829340044,-0.011017076314607552,3.0,0.6114995163694243,0.13475281378069395
202,m496,DAT,superficial,processes,post,39-40,4,5,0.35082153410720784,0.07572966826518686,0.10101485252380371,0.3192688829340044,-0.011017076314607552,4.0,0.591865048406041,0.3812299094952688
203,m462,TH,deep,somas,pre,17-18,6,5,0.3468209784417091,1.029782634471107,0.21748042106628418,0.30778541116630276,1.8349496079695156,1.0,0.004541501796534886,-0.013127562938550937
203,m462,TH,deep,somas,pre,17-18,6,5,0.3468209784417091,1.029782634471107,0.21748042106628418,0.30778541116630276,1.8349496079695156,2.0,0.7967618004903794,0.38999604490602496
203,m462,TH,deep,somas,pre,17-18,6,5,0.3468209784417091,1.029782634471107,0.21748042106628418,0.30778541116630276,1.8349496079695156,3.0,0.23436749472021295,0.41294569693023353
203,m462,TH,deep,somas,pre,17-18,6,5,0.3468209784417091,1.029782634471107,0.21748042106628418,0.30778541116630276,1.8349496079695156,4.0,0.262004727833897,0.3952778164084397
203,m462,TH,deep,somas,pre,31-32,6,3,0.02342414048813458,-0.7572191861821949,0.009798049926757812,0.07450097604800036,-0.6643643405476632,1.0,-0.10593546928834795,-0.11757540623633742
203,m462,TH,deep,somas,pre,31-32,6,3,0.02342414048813458,-0.7572191861821949,0.009798049926757812,0.07450097604800036,-0.6643643405476632,2.0,-0.054328940251411106,-0.13544656579059935
203,m462,TH,deep,somas,pre,31-32,6,3,0.02342414048813458,-0.7572191861821949,0.009798049926757812,0.07450097604800036,-0.6643643405476632,3.0,0.10931137231750683,-0.189794465959085
203,m462,TH,deep,somas,pre,31-32,6,3,0.02342414048813458,-0.7572191861821949,0.009798049926757812,0.07450097604800036,-0.6643643405476632,4.0,0.33149810437410404,-0.0011411792862890849
203,m462,TH,deep,somas,pre,39-40,2,5,1.301659490354297,1.2969420940559593,0.3278760313987732,1.2705209849865793,1.2352038803468375,1.0,-0.19016538674467937,-0.14809189812917556
203,m462,TH,deep,somas,pre,39-40,2,5,1.301659490354297,1.2969420940559593,0.3278760313987732,1.2705209849865793,1.2352038803468375,2.0,0.7864628462690639,0.5345655530789368
203,m462,TH,deep,somas,pre,39-40,2,5,1.301659490354297,1.2969420940559593,0.3278760313987732,1.2705209849865793,1.2352038803468375,3.0,1.4015463186407324,0.695947961800324
203,m462,TH,deep,somas,pre,39-40,2,5,1.301659490354297,1.2969420940559593,0.3278760313987732,1.2705209849865793,1.2352038803468375,4.0,3.023989421653979,1.318185832817316
203,m462,TH,deep,somas,post,17-18,6,7,0.026504468537282597,-0.4751803881118282,0.15964841842651367,0.04280166519588172,-0.38785824798601826,1.0,0.03548054561408756,0.02115176526294108
203,m462,TH,deep,somas,post,17-18,6,7,0.026504468537282597,-0.4751803881118282,0.15964841842651367,0.04280166519588172,-0.38785824798601826,2.0,0.01702285589409535,0.041258799204123425
203,m462,TH,deep,somas,post,17-18,6,7,0.026504468537282597,-0.4751803881118282,0.15964841842651367,0.04280166519588172,-0.38785824798601826,3.0,0.00931730688117702,0.03356046379987724
203,m462,TH,deep,somas,post,17-18,6,7,0.026504468537282597,-0.4751803881118282,0.15964841842651367,0.04280166519588172,-0.38785824798601826,4.0,0.06622103720527833,0.049059828753031096
203,m462,TH,deep,somas,post,31-32,3,3,0.4181322769994564,0.2696488459345338,0.20776689052581787,0.7219838813678027,0.9896732215541244,1.0,1.5653923123424136,1.5185917002063256
203,m462,TH,deep,somas,post,31-32,3,3,0.4181322769994564,0.2696488459345338,0.20776689052581787,0.7219838813678027,0.9896732215541244,2.0,0.3091586758181937,0.48249778446947816
203,m462,TH,deep,somas,post,31-32,3,3,0.4181322769994564,0.2696488459345338,0.20776689052581787,0.7219838813678027,0.9896732215541244,3.0,0.5780552164676804,0.45690564505137393
203,m462,TH,deep,somas,post,31-32,3,3,0.4181322769994564,0.2696488459345338,0.20776689052581787,0.7219838813678027,0.9896732215541244,4.0,0.41181529487490315,0.39656938084296667
203,m462,TH,deep,somas,post,39-40,5,3,0.40146588047198545,0.5897637270762902,0.1826460361480713,0.11703351966580569,-0.9830960619035021,1.0,0.0267280168671579,0.017529507003119584
203,m462,TH,deep,somas,post,39-40,5,3,0.40146588047198545,0.5897637270762902,0.1826460361480713,0.11703351966580569,-0.9830960619035021,2.0,0.06119761209807316,0.0007915708041057644
203,m462,TH,deep,somas,post,39-40,5,3,0.40146588047198545,0.5897637270762902,0.1826460361480713,0.11703351966580569,-0.9830960619035021,3.0,0.15745622702797124,0.3570686523289005
203,m462,TH,deep,somas,post,39-40,5,3,0.40146588047198545,0.5897637270762902,0.1826460361480713,0.11703351966580569,-0.9830960619035021,4.0,0.15789253227313524,0.40547196175290645
203,m462,TH,deep,processes,pre,17-18,6,5,0.4274822449663772,1.6377721459577863,0.13034099340438843,0.2709401916010938,1.650131043092769,1.0,0.052304291985901155,0.04110098300538592
203,m462,TH,deep,processes,pre,17-18,6,5,0.4274822449663772,1.6377721459577863,0.13034099340438843,0.2709401916010938,1.650131043092769,2.0,0.753427468421743,0.49869193890049446
203,m462,TH,deep,processes,pre,17-18,6,5,0.4274822449663772,1.6377721459577863,0.13034099340438843,0.2709401916010938,1.650131043092769,3.0,0.23400874244259245,0.5114458125975889
203,m462,TH,deep,processes,pre,17-18,6,5,0.4274822449663772,1.6377721459577863,0.13034099340438843,0.2709401916010938,1.650131043092769,4.0,0.11348929032155938,0.45695330242852733
203,m462,TH,deep,processes,pre,31-32,6,3,0.22283351377498398,-0.14304952854568462,0.007781624794006348,0.1849880169419468,-0.4750410300765721,1.0,-0.02236128999304793,-0.014013900935526393
203,m462,TH,deep,processes,pre,31-32,6,3,0.22283351377498398,-0.14304952854568462,0.007781624794006348,0.1849880169419468,-0.4750410300765721,2.0,0.17499800159795342,0.0726064556013978
203,m462,TH,deep,processes,pre,31-32,6,3,0.22283351377498398,-0.14304952854568462,0.007781624794006348,0.1849880169419468,-0.4750410300765721,3.0,0.2459339412701325,0.12464910449782642
203,m462,TH,deep,processes,pre,31-32,6,3,0.22283351377498398,-0.14304952854568462,0.007781624794006348,0.1849880169419468,-0.4750410300765721,4.0,0.27373446443024396,0.19842323931759626
203,m462,TH,deep,processes,pre,39-40,2,5,0.2977132837782432,-0.33222593814362833,0.2603471875190735,0.48354106148488063,-0.1615740049923682,1.0,-0.05507944779912783,-0.006773497468982181
203,m462,TH,deep,processes,pre,39-40,2,5,0.2977132837782432,-0.33222593814362833,0.2603471875190735,0.48354106148488063,-0.1615740049923682,2.0,0.20371829125581134,0.04373949539511701
203,m462,TH,deep,processes,pre,39-40,2,5,0.2977132837782432,-0.33222593814362833,0.2603471875190735,0.48354106148488063,-0.1615740049923682,3.0,0.7163747326882107,0.4529931453060122
203,m462,TH,deep,processes,pre,39-40,2,5,0.2977132837782432,-0.33222593814362833,0.2603471875190735,0.48354106148488063,-0.1615740049923682,4.0,0.9885148386145522,0.30714023580497923
203,m462,TH,deep,processes,post,17-18,6,7,-0.039523848154111835,-0.8929009703246373,0.052068889141082764,0.01562433834995278,-0.8247030302879014,1.0,0.05078282566337959,0.04750452258497652
203,m462,TH,deep,processes,post,17-18,6,7,-0.039523848154111835,-0.8929009703246373,0.052068889141082764,0.01562433834995278,-0.8247030302879014,2.0,-0.041777301183246046,-0.008495087322582952
203,m462,TH,deep,processes,post,17-18,6,7,-0.039523848154111835,-0.8929009703246373,0.052068889141082764,0.01562433834995278,-0.8247030302879014,3.0,0.04363318523499699,0.005235238476718224
203,m462,TH,deep,processes,post,17-18,6,7,-0.039523848154111835,-0.8929009703246373,0.052068889141082764,0.01562433834995278,-0.8247030302879014,4.0,-0.007237230653141459,-0.029752707117649355
203,m462,TH,deep,processes,post,31-32,3,3,0.6561095441927447,0.4530548492285555,0.0772443413734436,0.7545790916712555,0.5138530955352864,1.0,1.1340510246111615,1.1070378466443278
203,m462,TH,deep,processes,post,31-32,3,3,0.6561095441927447,0.4530548492285555,0.0772443413734436,0.7545790916712555,0.5138530955352864,2.0,0.5782983911400766,0.6651424806165909
203,m462,TH,deep,processes,post,31-32,3,3,0.6561095441927447,0.4530548492285555,0.0772443413734436,0.7545790916712555,0.5138530955352864,3.0,0.7157140341704433,0.6093113697932052
203,m462,TH,deep,processes,post,31-32,3,3,0.6561095441927447,0.4530548492285555,0.0772443413734436,0.7545790916712555,0.5138530955352864,4.0,0.6335590576360824,0.6540751962707695
203,m462,TH,deep,processes,post,39-40,5,3,0.2667661709114073,-0.23145294855965448,0.11527138948440552,0.3331241963721184,0.42429359172739034,1.0,0.42060420443545055,0.42543756079244
203,m462,TH,deep,processes,post,39-40,5,3,0.2667661709114073,-0.23145294855965448,0.11527138948440552,0.3331241963721184,0.42429359172739034,2.0,0.24600792027615526,0.36255966402617834
203,m462,TH,deep,processes,post,39-40,5,3,0.2667661709114073,-0.23145294855965448,0.11527138948440552,0.3331241963721184,0.42429359172739034,3.0,0.2596268554630452,0.3506696297357485
203,m462,TH,deep,processes,post,39-40,5,3,0.2667661709114073,-0.23145294855965448,0.11527138948440552,0.3331241963721184,0.42429359172739034,4.0,0.3573759926286119,0.2687558172886771
225,m357,TH,superficial,somas,pre,17-18,5,4,0.28890110612198894,0.21727236563567545,0.032100141048431396,0.3356035869228409,0.718496777577613,1.0,-0.05771794693268341,-0.05340859271753527
225,m357,TH,superficial,somas,pre,17-18,5,4,0.28890110612198894,0.21727236563567545,0.032100141048431396,0.3356035869228409,0.718496777577613,2.0,-0.08132356597467245,-0.014007328329743714
225,m357,TH,superficial,somas,pre,17-18,5,4,0.28890110612198894,0.21727236563567545,0.032100141048431396,0.3356035869228409,0.718496777577613,3.0,0.8874926371497434,0.08320804054762351
225,m357,TH,superficial,somas,pre,17-18,5,4,0.28890110612198894,0.21727236563567545,0.032100141048431396,0.3356035869228409,0.718496777577613,4.0,0.6334284166353399,0.26765712341548265
225,m357,TH,superficial,somas,pre,31-32,4,6,0.40553810591304756,0.5802747776262749,0.10700803995132446,0.35806426398703434,1.1306740817234144,1.0,0.5484520490608423,0.5621330160243793
225,m357,TH,superficial,somas,pre,31-32,4,6,0.40553810591304756,0.5802747776262749,0.10700803995132446,0.35806426398703434,1.1306740817234144,2.0,0.5064130034744726,0.6481610870773419
225,m357,TH,superficial,somas,pre,31-32,4,6,0.40553810591304756,0.5802747776262749,0.10700803995132446,0.35806426398703434,1.1306740817234144,3.0,0.20591035832269927,0.552438387717191
225,m357,TH,superficial,somas,pre,31-32,4,6,0.40553810591304756,0.5802747776262749,0.10700803995132446,0.35806426398703434,1.1306740817234144,4.0,0.14915790561863482,0.42671044934150676
225,m357,TH,superficial,somas,pre,39-40,3,3,3.2923564654337674,2.919071709701068,0.25345635414123535,2.8580680422912557,2.1378554807206123,1.0,1.1123479126145497,1.1779076587623902
225,m357,TH,superficial,somas,pre,39-40,3,3,3.2923564654337674,2.919071709701068,0.25345635414123535,2.8580680422912557,2.1378554807206123,2.0,2.235566784990029,1.8031173886271248
225,m357,TH,superficial,somas,pre,39-40,3,3,3.2923564654337674,2.919071709701068,0.25345635414123535,2.8580680422912557,2.1378554807206123,3.0,3.6423590519462326,2.6916878009560654
225,m357,TH,superficial,somas,pre,39-40,3,3,3.2923564654337674,2.919071709701068,0.25345635414123535,2.8580680422912557,2.1378554807206123,4.0,4.385378275435368,3.3269897576543213
225,m357,TH,superficial,somas,post,17-18,3,9,0.019181458013321693,-1.0070723183919126,0.17583227157592773,0.06204421640983613,-0.8182048647012683,1.0,0.0376389621833039,0.044355857991245196
225,m357,TH,superficial,somas,post,17-18,3,9,0.019181458013321693,-1.0070723183919126,0.17583227157592773,0.06204421640983613,-0.8182048647012683,2.0,0.07935501865550436,0.047058764300969856
225,m357,TH,superficial,somas,post,17-18,3,9,0.019181458013321693,-1.0070723183919126,0.17583227157592773,0.06204421640983613,-0.8182048647012683,3.0,0.0065162930527106235,0.04188438903517136
225,m357,TH,superficial,somas,post,17-18,3,9,0.019181458013321693,-1.0070723183919126,0.17583227157592773,0.06204421640983613,-0.8182048647012683,4.0,0.08071867873934954,0.008610018188099514
225,m357,TH,superficial,somas,post,31-32,7,6,0.024088894944949885,-0.7772654791503885,0.22080641984939575,0.05501202843098656,-0.3615530174332237,1.0,0.028852667041013524,0.027920435564883373
225,m357,TH,superficial,somas,post,31-32,7,6,0.024088894944949885,-0.7772654791503885,0.22080641984939575,0.05501202843098656,-0.3615530174332237,2.0,0.021703564318818678,0.026250762769667476
225,m357,TH,superficial,somas,post,31-32,7,6,0.024088894944949885,-0.7772654791503885,0.22080641984939575,0.05501202843098656,-0.3615530174332237,3.0,-0.02997880324868444,-0.0018434512069418494
225,m357,TH,superficial,somas,post,31-32,7,6,0.024088894944949885,-0.7772654791503885,0.22080641984939575,0.05501202843098656,-0.3615530174332237,4.0,0.18537024811234395,0.02495563554318943
225,m357,TH,superficial,somas,post,39-40,5,5,0.25438528555084206,0.6013938557805968,0.41426587104797363,0.2130793425214846,0.8971408637726679,1.0,0.13027783427877923,0.13472779574227942
225,m357,TH,superficial,somas,post,39-40,5,5,0.25438528555084206,0.6013938557805968,0.41426587104797363,0.2130793425214846,0.8971408637726679,2.0,0.3328188404565973,0.2038914110065683
225,m357,TH,superficial,somas,post,39-40,5,5,0.25438528555084206,0.6013938557805968,0.41426587104797363,0.2130793425214846,0.8971408637726679,3.0,0.17270056019088034,0.26916179694451625
225,m357,TH,superficial,somas,post,39-40,5,5,0.25438528555084206,0.6013938557805968,0.41426587104797363,0.2130793425214846,0.8971408637726679,4.0,0.20865682089998605,0.26066328701618446
225,m357,TH,superficial,processes,pre,17-18,5,4,0.2311252778046807,-0.043362861531715896,0.08227205276489258,0.2914327649709825,0.6712084556185579,1.0,-0.02516589439350674,-0.012294397207170992
225,m357,TH,superficial,processes,pre,17-18,5,4,0.2311252778046807,-0.043362861531715896,0.08227205276489258,0.2914327649709825,0.6712084556185579,2.0,0.005161992431727176,-0.019403850315262903
225,m357,TH,superficial,processes,pre,17-18,5,4,0.2311252778046807,-0.043362861531715896,0.08227205276489258,0.2914327649709825,0.6712084556185579,3.0,0.492859183258635,0.0559429518467552
225,m357,TH,superficial,processes,pre,17-18,5,4,0.2311252778046807,-0.043362861531715896,0.08227205276489258,0.2914327649709825,0.6712084556185579,4.0,0.7059750831084385,0.1888429373755293
225,m357,TH,superficial,processes,pre,31-32,4,6,0.24673040949980843,0.26752149626624655,0.12666863203048706,0.30288464102381424,1.099821920778305,1.0,0.42226564812507944,0.44520171519416074
225,m357,TH,superficial,processes,pre,31-32,4,6,0.24673040949980843,0.26752149626624655,0.12666863203048706,0.30288464102381424,1.099821920778305,2.0,0.2934019186749979,0.4639332461377675
225,m357,TH,superficial,processes,pre,31-32,4,6,0.24673040949980843,0.26752149626624655,0.12666863203048706,0.30288464102381424,1.099821920778305,3.0,0.24292021743176473,0.3159111383221188
225,m357,TH,superficial,processes,pre,31-32,4,6,0.24673040949980843,0.26752149626624655,0.12666863203048706,0.30288464102381424,1.099821920778305,4.0,0.2020039164894949,0.25443783334949005
225,m357,TH,superficial,processes,pre,39-40,3,3,2.529033782332391,3.3711232731608773,0.331928014755249,1.733046552962565,1.7995538256895904,1.0,0.5308304262109432,0.5647579268196219
225,m357,TH,superficial,processes,pre,39-40,3,3,2.529033782332391,3.3711232731608773,0.331928014755249,1.733046552962565,1.7995538256895904,2.0,2.0152021385257424,1.135500868427903
225,m357,TH,superficial,processes,pre,39-40,3,3,2.529033782332391,3.3711232731608773,0.331928014755249,1.733046552962565,1.7995538256895904,3.0,1.586790030880788,2.4086359212051893
225,m357,TH,superficial,processes,pre,39-40,3,3,2.529033782332391,3.3711232731608773,0.331928014755249,1.733046552962565,1.7995538256895904,4.0,2.7626364733524236,2.5579765435026123
225,m357,TH,superficial,processes,post,17-18,3,9,0.04834153972642231,-0.7313417951839944,0.22584402561187744,0.06593377422564865,-1.2267602671074778,1.0,0.18752278483605495,0.18770386299715378
225,m357,TH,superficial,processes,post,17-18,3,9,0.04834153972642231,-0.7313417951839944,0.22584402561187744,0.06593377422564865,-1.2267602671074778,2.0,0.05702230517264,0.11906034147435546
225,m357,TH,superficial,processes,post,17-18,3,9,0.04834153972642231,-0.7313417951839944,0.22584402561187744,0.06593377422564865,-1.2267602671074778,3.0,0.054095960194643945,0.0633023263623463
225,m357,TH,superficial,processes,post,17-18,3,9,0.04834153972642231,-0.7313417951839944,0.22584402561187744,0.06593377422564865,-1.2267602671074778,4.0,-0.04107677919535288,0.036332495375590794
225,m357,TH,superficial,processes,post,31-32,7,6,0.14031192090441222,1.1407646967956013,0.2814478278160095,0.1327203197300107,1.5018037308143573,1.0,0.11260946137713282,0.10470523097941428
225,m357,TH,superficial,processes,post,31-32,7,6,0.14031192090441222,1.1407646967956013,0.2814478278160095,0.1327203197300107,1.5018037308143573,2.0,0.12488933113070452,0.1474151215529025
225,m357,TH,superficial,processes,post,31-32,7,6,0.14031192090441222,1.1407646967956013,0.2814478278160095,0.1327203197300107,1.5018037308143573,3.0,0.09621718235675723,0.13141834159027857
225,m357,TH,superficial,processes,post,31-32,7,6,0.14031192090441222,1.1407646967956013,0.2814478278160095,0.1327203197300107,1.5018037308143573,4.0,0.2119830519990704,0.14407222962437888
225,m357,TH,superficial,processes,post,39-40,5,5,0.08270209697022235,-1.2425942708561237,0.3314870595932007,0.11921408853495379,-0.45000297087073243,1.0,0.045137173433860575,0.045449420819741806
225,m357,TH,superficial,processes,post,39-40,5,5,0.08270209697022235,-1.2425942708561237,0.3314870595932007,0.11921408853495379,-0.45000297087073243,2.0,0.0563068175814478,0.0409886023830293
225,m357,TH,superficial,processes,post,39-40,5,5,0.08270209697022235,-1.2425942708561237,0.3314870595932007,0.11921408853495379,-0.45000297087073243,3.0,0.10935335722269193,0.04777015750515588
225,m357,TH,superficial,processes,post,39-40,5,5,0.08270209697022235,-1.2425942708561237,0.3314870595932007,0.11921408853495379,-0.45000297087073243,4.0,0.2601236445381218,0.07829159301268665
227,m496,DAT,superficial,somas,pre,31-32,8,4,0.024777115942629924,-0.588487527549089,0.020599007606506348,0.10921017131400051,0.12779564679716474,1.0,0.16128335869615862,0.16430149877194808
227,m496,DAT,superficial,somas,pre,31-32,8,4,0.024777115942629924,-0.588487527549089,0.020599007606506348,0.10921017131400051,0.12779564679716474,2.0,-0.021943033391439024,0.04905676626911047
227,m496,DAT,superficial,somas,pre,31-32,8,4,0.024777115942629924,-0.588487527549089,0.020599007606506348,0.10921017131400051,0.12779564679716474,3.0,0.05217249304896642,0.025074564282612608
227,m496,DAT,superficial,somas,pre,31-32,8,4,0.024777115942629924,-0.588487527549089,0.020599007606506348,0.10921017131400051,0.12779564679716474,4.0,0.1851400882817766,0.04485610605526938
227,m496,DAT,superficial,somas,pre,39-40,8,6,1.2472119842174638,7.0463428364821,0.5616004467010498,0.9787521047577171,11.201844839439497,1.0,0.4464396854955409,0.4637650278882598
227,m496,DAT,superficial,somas,pre,39-40,8,6,1.2472119842174638,7.0463428364821,0.5616004467010498,0.9787521047577171,11.201844839439497,2.0,1.1838341490474937,1.0420702838816172
227,m496,DAT,superficial,somas,pre,39-40,8,6,1.2472119842174638,7.0463428364821,0.5616004467010498,0.9787521047577171,11.201844839439497,3.0,1.2196750978742554,1.2207821021034826
227,m496,DAT,superficial,somas,pre,39-40,8,6,1.2472119842174638,7.0463428364821,0.5616004467010498,0.9787521047577171,11.201844839439497,4.0,1.033415593324559,1.278350842122535
227,m496,DAT,superficial,somas,post,17-18,3,4,0.799611062595866,0.9238331633681627,0.3363304138183594,0.8415038115322674,2.557121784529605,1.0,0.8131874902849616,0.8013751312224033
227,m496,DAT,superficial,somas,post,17-18,3,4,0.799611062595866,0.9238331633681627,0.3363304138183594,0.8415038115322674,2.557121784529605,2.0,1.3430676600341975,1.3490127469666098
227,m496,DAT,superficial,somas,post,17-18,3,4,0.799611062595866,0.9238331633681627,0.3363304138183594,0.8415038115322674,2.557121784529605,3.0,0.8287894958736735,1.0164968248250001
227,m496,DAT,superficial,somas,post,17-18,3,4,0.799611062595866,0.9238331633681627,0.3363304138183594,0.8415038115322674,2.557121784529605,4.0,0.34292343570552314,0.7753095386203679
227,m496,DAT,superficial,somas,post,31-32,5,4,-0.03682027892258772,-0.6944613439905265,0.10588341951370239,0.005858472061065489,-0.653177385522068,1.0,0.0340900486842006,0.01738291756266951
227,m496,DAT,superficial,somas,post,31-32,5,4,-0.03682027892258772,-0.6944613439905265,0.10588341951370239,0.005858472061065489,-0.653177385522068,2.0,-0.009777938861585334,0.05219424409407108
227,m496,DAT,superficial,somas,post,31-32,5,4,-0.03682027892258772,-0.6944613439905265,0.10588341951370239,0.005858472061065489,-0.653177385522068,3.0,-0.023282002901763698,0.02994385144537155
227,m496,DAT,superficial,somas,post,31-32,5,4,-0.03682027892258772,-0.6944613439905265,0.10588341951370239,0.005858472061065489,-0.653177385522068,4.0,0.017059603024608468,-0.04291856726493434
227,m496,DAT,superficial,somas,post,39-40,3,3,2.0891266435832176,2.134690067208124,0.8640111684799194,0.8321109830238721,0.42789510583901563,1.0,0.5210849400012338,0.5151438751844942
227,m496,DAT,superficial,somas,post,39-40,3,3,2.0891266435832176,2.134690067208124,0.8640111684799194,0.8321109830238721,0.42789510583901563,2.0,0.7466036338455899,0.40938029302683965
227,m496,DAT,superficial,somas,post,39-40,3,3,2.0891266435832176,2.134690067208124,0.8640111684799194,0.8321109830238721,0.42789510583901563,3.0,0.36882690768033766,0.2692344718137659
227,m496,DAT,superficial,somas,post,39-40,3,3,2.0891266435832176,2.134690067208124,0.8640111684799194,0.8321109830238721,0.42789510583901563,4.0,1.6888648379963984,2.086642873065499
227,m496,DAT,superficial,processes,pre,31-32,8,4,0.0558517919361335,-0.4411910596292532,0.022083520889282227,0.07824482224406015,-0.22144450141451058,1.0,0.003652954469775781,0.012296593531007845
227,m496,DAT,superficial,processes,pre,31-32,8,4,0.0558517919361335,-0.4411910596292532,0.022083520889282227,0.07824482224406015,-0.22144450141451058,2.0,-0.01653264239961878,0.03394150355335525
227,m496,DAT,superficial,processes,pre,31-32,8,4,0.0558517919361335,-0.4411910596292532,0.022083520889282227,0.07824482224406015,-0.22144450141451058,3.0,0.10883190119956758,0.0676454166544931
227,m496,DAT,superficial,processes,pre,31-32,8,4,0.0558517919361335,-0.4411910596292532,0.022083520889282227,0.07824482224406015,-0.22144450141451058,4.0,0.18121469392780326,0.06996627665979176
227,m496,DAT,superficial,processes,pre,39-40,8,6,1.0710762620965064,6.625137165986918,0.5879270434379578,0.8876817743248485,13.367223569006176,1.0,0.49831721504529825,0.512511350782142
227,m496,DAT,superficial,processes,pre,39-40,8,6,1.0710762620965064,6.625137165986918,0.5879270434379578,0.8876817743248485,13.367223569006176,2.0,1.0574989221350275,0.9190021351892557
227,m496,DAT,superficial,processes,pre,39-40,8,6,1.0710762620965064,6.625137165986918,0.5879270434379578,0.8876817743248485,13.367223569006176,3.0,0.8904982032514013,0.9547225196515817
227,m496,DAT,superficial,processes,pre,39-40,8,6,1.0710762620965064,6.625137165986918,0.5879270434379578,0.8876817743248485,13.367223569006176,4.0,1.1096399038290097,1.0941523640232185
227,m496,DAT,superficial,processes,post,17-18,3,4,0.6270281035290551,0.7854037126242092,0.18819230794906616,0.6750229743190429,1.3058568016508678,1.0,0.6079228515302998,0.6070635521311925
227,m496,DAT,superficial,processes,post,17-18,3,4,0.6270281035290551,0.7854037126242092,0.18819230794906616,0.6750229743190429,1.3058568016508678,2.0,0.8385724368751158,0.987215528878492
227,m496,DAT,superficial,processes,post,17-18,3,4,0.6270281035290551,0.7854037126242092,0.18819230794906616,0.6750229743190429,1.3058568016508678,3.0,0.9246044842298393,1.1265119558399939
227,m496,DAT,superficial,processes,post,17-18,3,4,0.6270281035290551,0.7854037126242092,0.18819230794906616,0.6750229743190429,1.3058568016508678,4.0,0.29407553557139077,0.6275226308357353
227,m496,DAT,superficial,processes,post,31-32,5,4,-0.07315164224105435,-0.9328018002788722,0.06904876232147217,0.020899601230602034,-0.5720243269418606,1.0,0.144813741453443,0.1323790459450309
227,m496,DAT,superficial,processes,post,31-32,5,4,-0.07315164224105435,-0.9328018002788722,0.06904876232147217,0.020899601230602034,-0.5720243269418606,2.0,-0.14488846203303474,-0.05525927983881889
227,m496,DAT,superficial,processes,post,31-32,5,4,-0.07315164224105435,-0.9328018002788722,0.06904876232147217,0.020899601230602034,-0.5720243269418606,3.0,0.10216073912404848,-0.03479775645854407
227,m496,DAT,superficial,processes,post,31-32,5,4,-0.07315164224105435,-0.9328018002788722,0.06904876232147217,0.020899601230602034,-0.5720243269418606,4.0,-0.0190599208668993,-0.07607061882200841
227,m496,DAT,superficial,processes,post,39-40,3,3,1.519684619282921,1.8782508148605088,0.7991702556610107,0.6837804099970594,0.10218100392962276,1.0,0.8236143417192088,0.8516376357220222
227,m496,DAT,superficial,processes,post,39-40,3,3,1.519684619282921,1.8782508148605088,0.7991702556610107,0.6837804099970594,0.10218100392962276,2.0,0.35404870692651846,0.6311253811294409
227,m496,DAT,superficial,processes,post,39-40,3,3,1.519684619282921,1.8782508148605088,0.7991702556610107,0.6837804099970594,0.10218100392962276,3.0,0.46283331226086916,1.0060807969310872
227,m496,DAT,superficial,processes,post,39-40,3,3,1.519684619282921,1.8782508148605088,0.7991702556610107,0.6837804099970594,0.10218100392962276,4.0,1.2137639373855547,1.5543178092198495
