group_id,mouse,line,depth_class,cohort,compartment,state,odor_id,population_pattern_reliability,n_trials
175,m442,DAT,superficial,DAT superficial,somas,post,1,0.3441787660121918,4
175,m442,DAT,superficial,DAT superficial,somas,post,2,0.9165731072425842,7
175,m442,DAT,superficial,DAT superficial,somas,post,3,0.9291385412216187,6
175,m442,DAT,superficial,DAT superficial,somas,post,4,0.5860342979431152,3
175,m442,DAT,superficial,DAT superficial,somas,post,12,0.9034880995750427,6
175,m442,DAT,superficial,DAT superficial,somas,post,17,0.6881539225578308,4
175,m442,DAT,superficial,DAT superficial,somas,post,18,0.8419088125228882,4
175,m442,DAT,superficial,DAT superficial,somas,post,21,0.9681010246276855,3
175,m442,DAT,superficial,DAT superficial,somas,post,22,0.9204313158988953,6
175,m442,DAT,superficial,DAT superficial,somas,post,30,0.9438914060592651,4
175,m442,DAT,superficial,DAT superficial,somas,post,31,0.940671980381012,6
175,m442,DAT,superficial,DAT superficial,somas,post,32,0.9245350360870361,8
175,m442,DAT,superficial,DAT superficial,somas,post,39,0.41416192054748535,4
175,m442,DAT,superficial,DAT superficial,somas,post,40,0.47742408514022827,5
175,m442,DAT,superficial,DAT superficial,somas,pre,1,0.9344168901443481,8
175,m442,DAT,superficial,DAT superficial,somas,pre,2,0.8267707824707031,5
175,m442,DAT,superficial,DAT superficial,somas,pre,3,0.8813964128494263,6
175,m442,DAT,superficial,DAT superficial,somas,pre,4,0.6163071990013123,2
175,m442,DAT,superficial,DAT superficial,somas,pre,10,0.7929137349128723,5
175,m442,DAT,superficial,DAT superficial,somas,pre,12,0.8917450308799744,6
175,m442,DAT,superficial,DAT superficial,somas,pre,17,0.7434040307998657,4
175,m442,DAT,superficial,DAT superficial,somas,pre,18,0.31853777170181274,4
175,m442,DAT,superficial,DAT superficial,somas,pre,21,0.9423249363899231,5
175,m442,DAT,superficial,DAT superficial,somas,pre,22,0.9681387543678284,8
175,m442,DAT,superficial,DAT superficial,somas,pre,30,0.966088056564331,8
175,m442,DAT,superficial,DAT superficial,somas,pre,31,0.8959091305732727,5
175,m442,DAT,superficial,DAT superficial,somas,pre,32,0.9649232029914856,8
175,m442,DAT,superficial,DAT superficial,somas,pre,39,0.4843224287033081,4
175,m442,DAT,superficial,DAT superficial,somas,pre,40,0.6812740564346313,8
175,m442,DAT,superficial,DAT superficial,processes,post,1,0.21080254018306732,4
175,m442,DAT,superficial,DAT superficial,processes,post,2,0.9642170071601868,7
175,m442,DAT,superficial,DAT superficial,processes,post,3,0.963676393032074,6
175,m442,DAT,superficial,DAT superficial,processes,post,4,0.695786714553833,3
175,m442,DAT,superficial,DAT superficial,processes,post,12,0.950968861579895,6
175,m442,DAT,superficial,DAT superficial,processes,post,17,0.8999843597412109,4
175,m442,DAT,superficial,DAT superficial,processes,post,18,0.9573414921760559,4
175,m442,DAT,superficial,DAT superficial,processes,post,21,0.980358362197876,3
175,m442,DAT,superficial,DAT superficial,processes,post,22,0.9538731575012207,6
175,m442,DAT,superficial,DAT superficial,processes,post,30,0.9714047908782959,4
175,m442,DAT,superficial,DAT superficial,processes,post,31,0.9663439989089966,6
175,m442,DAT,superficial,DAT superficial,processes,post,32,0.9612611532211304,8
175,m442,DAT,superficial,DAT superficial,processes,post,39,0.452510267496109,4
175,m442,DAT,superficial,DAT superficial,processes,post,40,0.6015099883079529,5
175,m442,DAT,superficial,DAT superficial,processes,pre,1,0.936924159526825,8
175,m442,DAT,superficial,DAT superficial,processes,pre,2,0.872707724571228,5
175,m442,DAT,superficial,DAT superficial,processes,pre,3,0.8953157067298889,6
175,m442,DAT,superficial,DAT superficial,processes,pre,4,0.6797803640365601,2
175,m442,DAT,superficial,DAT superficial,processes,pre,10,0.844727635383606,5
175,m442,DAT,superficial,DAT superficial,processes,pre,12,0.9167145490646362,6
175,m442,DAT,superficial,DAT superficial,processes,pre,17,0.7617031335830688,4
175,m442,DAT,superficial,DAT superficial,processes,pre,18,0.565791666507721,4
175,m442,DAT,superficial,DAT superficial,processes,pre,21,0.9575299620628357,5
175,m442,DAT,superficial,DAT superficial,processes,pre,22,0.9673560261726379,8
175,m442,DAT,superficial,DAT superficial,processes,pre,30,0.9768596887588501,8
175,m442,DAT,superficial,DAT superficial,processes,pre,31,0.9054442644119263,5
175,m442,DAT,superficial,DAT superficial,processes,pre,32,0.9671409726142883,8
175,m442,DAT,superficial,DAT superficial,processes,pre,39,0.5725005865097046,4
175,m442,DAT,superficial,DAT superficial,processes,pre,40,0.5296733379364014,8
177,m442,DAT,superficial,DAT superficial,somas,post,1,0.24961189925670624,7
177,m442,DAT,superficial,DAT superficial,somas,post,2,0.699273943901062,7
177,m442,DAT,superficial,DAT superficial,somas,post,3,0.48927417397499084,8
177,m442,DAT,superficial,DAT superficial,somas,post,4,0.46551620960235596,8
177,m442,DAT,superficial,DAT superficial,somas,post,10,0.004981434904038906,4
177,m442,DAT,superficial,DAT superficial,somas,post,12,0.4986124336719513,11
177,m442,DAT,superficial,DAT superficial,somas,post,17,0.6694012880325317,5
177,m442,DAT,superficial,DAT superficial,somas,post,18,0.4487025737762451,4
177,m442,DAT,superficial,DAT superficial,somas,post,21,0.9809651374816895,8
177,m442,DAT,superficial,DAT superficial,somas,post,22,0.8463459014892578,7
177,m442,DAT,superficial,DAT superficial,somas,post,30,0.916997492313385,6
177,m442,DAT,superficial,DAT superficial,somas,post,31,0.8906087875366211,7
177,m442,DAT,superficial,DAT superficial,somas,post,32,0.9192017316818237,6
177,m442,DAT,superficial,DAT superficial,somas,post,39,0.5706825256347656,6
177,m442,DAT,superficial,DAT superficial,somas,post,40,0.5002492666244507,13
177,m442,DAT,superficial,DAT superficial,somas,pre,1,0.863553524017334,9
177,m442,DAT,superficial,DAT superficial,somas,pre,2,0.7084414958953857,5
177,m442,DAT,superficial,DAT superficial,somas,pre,3,0.6233113408088684,9
177,m442,DAT,superficial,DAT superficial,somas,pre,4,0.5090269446372986,5
177,m442,DAT,superficial,DAT superficial,somas,pre,10,0.5716692805290222,6
177,m442,DAT,superficial,DAT superficial,somas,pre,12,0.7519099116325378,5
177,m442,DAT,superficial,DAT superficial,somas,pre,17,0.800818681716919,8
177,m442,DAT,superficial,DAT superficial,somas,pre,18,0.7929393649101257,4
177,m442,DAT,superficial,DAT superficial,somas,pre,21,0.9556179046630859,7
177,m442,DAT,superficial,DAT superficial,somas,pre,22,0.933980405330658,7
177,m442,DAT,superficial,DAT superficial,somas,pre,30,0.9365341663360596,6
177,m442,DAT,superficial,DAT superficial,somas,pre,31,0.9598678350448608,10
177,m442,DAT,superficial,DAT superficial,somas,pre,32,0.9453206062316895,7
177,m442,DAT,superficial,DAT superficial,somas,pre,39,0.6242591142654419,5
177,m442,DAT,superficial,DAT superficial,somas,pre,40,0.721904993057251,7
177,m442,DAT,superficial,DAT superficial,processes,post,1,0.41185837984085083,7
177,m442,DAT,superficial,DAT superficial,processes,post,2,0.6146734952926636,7
177,m442,DAT,superficial,DAT superficial,processes,post,3,0.5952526330947876,8
177,m442,DAT,superficial,DAT superficial,processes,post,4,0.49851858615875244,8
177,m442,DAT,superficial,DAT superficial,processes,post,10,0.21520118415355682,4
177,m442,DAT,superficial,DAT superficial,processes,post,12,0.5584933757781982,11
177,m442,DAT,superficial,DAT superficial,processes,post,17,0.8361300826072693,5
177,m442,DAT,superficial,DAT superficial,processes,post,18,0.6983095407485962,4
177,m442,DAT,superficial,DAT superficial,processes,post,21,0.9880092144012451,8
177,m442,DAT,superficial,DAT superficial,processes,post,22,0.8211860656738281,7
177,m442,DAT,superficial,DAT superficial,processes,post,30,0.9136558175086975,6
177,m442,DAT,superficial,DAT superficial,processes,post,31,0.936124324798584,7
177,m442,DAT,superficial,DAT superficial,processes,post,32,0.9423480033874512,6
177,m442,DAT,superficial,DAT superficial,processes,post,39,0.6249186396598816,6
177,m442,DAT,superficial,DAT superficial,processes,post,40,0.5578316450119019,13
177,m442,DAT,superficial,DAT superficial,processes,pre,1,0.8448734283447266,9
177,m442,DAT,superficial,DAT superficial,processes,pre,2,0.7927729487419128,5
177,m442,DAT,superficial,DAT superficial,processes,pre,3,0.7521176934242249,9
177,m442,DAT,superficial,DAT superficial,processes,pre,4,0.4239645004272461,5
177,m442,DAT,superficial,DAT superficial,processes,pre,10,0.49916329979896545,6
177,m442,DAT,superficial,DAT superficial,processes,pre,12,0.7595008611679077,5
177,m442,DAT,superficial,DAT superficial,processes,pre,17,0.827857255935669,8
177,m442,DAT,superficial,DAT superficial,processes,pre,18,0.7255362868309021,4
177,m442,DAT,superficial,DAT superficial,processes,pre,21,0.9436579942703247,7
177,m442,DAT,superficial,DAT superficial,processes,pre,22,0.9406362771987915,7
177,m442,DAT,superficial,DAT superficial,processes,pre,30,0.9647977948188782,6
177,m442,DAT,superficial,DAT superficial,processes,pre,31,0.9706626534461975,10
177,m442,DAT,superficial,DAT superficial,processes,pre,32,0.9563895463943481,7
177,m442,DAT,superficial,DAT superficial,processes,pre,39,0.5151358246803284,5
177,m442,DAT,superficial,DAT superficial,processes,pre,40,0.5741821527481079,7
205,m357,TH,deep,TH deep,somas,post,1,0.7776584029197693,5
205,m357,TH,deep,TH deep,somas,post,2,0.846109926700592,7
205,m357,TH,deep,TH deep,somas,post,3,0.8832942247390747,6
205,m357,TH,deep,TH deep,somas,post,4,0.7345312237739563,10
205,m357,TH,deep,TH deep,somas,post,10,0.5428825616836548,10
205,m357,TH,deep,TH deep,somas,post,12,0.4760335087776184,5
205,m357,TH,deep,TH deep,somas,post,17,0.6596339344978333,4
205,m357,TH,deep,TH deep,somas,post,18,0.8290802240371704,8
205,m357,TH,deep,TH deep,somas,post,21,0.9226759076118469,14
205,m357,TH,deep,TH deep,somas,post,22,0.9147690534591675,8
205,m357,TH,deep,TH deep,somas,post,30,0.6616870164871216,3
205,m357,TH,deep,TH deep,somas,post,31,0.9413273334503174,8
205,m357,TH,deep,TH deep,somas,post,32,0.8042275905609131,4
205,m357,TH,deep,TH deep,somas,post,39,0.8554123640060425,6
205,m357,TH,deep,TH deep,somas,post,40,0.7869196534156799,6
205,m357,TH,deep,TH deep,somas,pre,1,0.5187664031982422,6
205,m357,TH,deep,TH deep,somas,pre,2,0.917610764503479,8
205,m357,TH,deep,TH deep,somas,pre,3,0.9079161286354065,6
205,m357,TH,deep,TH deep,somas,pre,4,0.7631449699401855,11
205,m357,TH,deep,TH deep,somas,pre,10,0.7692219018936157,9
205,m357,TH,deep,TH deep,somas,pre,12,0.8131872415542603,12
205,m357,TH,deep,TH deep,somas,pre,17,0.9190136790275574,6
205,m357,TH,deep,TH deep,somas,pre,18,0.905312716960907,5
205,m357,TH,deep,TH deep,somas,pre,21,0.9133608341217041,10
205,m357,TH,deep,TH deep,somas,pre,22,0.5608016848564148,5
205,m357,TH,deep,TH deep,somas,pre,30,0.6992809176445007,4
205,m357,TH,deep,TH deep,somas,pre,31,0.7410449981689453,5
205,m357,TH,deep,TH deep,somas,pre,32,0.8473883867263794,8
205,m357,TH,deep,TH deep,somas,pre,39,0.6439254283905029,2
205,m357,TH,deep,TH deep,somas,pre,40,0.8267173767089844,6
205,m357,TH,deep,TH deep,processes,post,1,0.9129461050033569,5
205,m357,TH,deep,TH deep,processes,post,2,0.9263356328010559,7
205,m357,TH,deep,TH deep,processes,post,3,0.9264804124832153,6
205,m357,TH,deep,TH deep,processes,post,4,0.8285990953445435,10
205,m357,TH,deep,TH deep,processes,post,10,0.867925226688385,10
205,m357,TH,deep,TH deep,processes,post,12,0.8203084468841553,5
205,m357,TH,deep,TH deep,processes,post,17,0.8493227362632751,4
205,m357,TH,deep,TH deep,processes,post,18,0.9398465752601624,8
205,m357,TH,deep,TH deep,processes,post,21,0.9568058252334595,14
205,m357,TH,deep,TH deep,processes,post,22,0.9500272870063782,8
205,m357,TH,deep,TH deep,processes,post,30,0.8149304986000061,3
205,m357,TH,deep,TH deep,processes,post,31,0.9703453183174133,8
205,m357,TH,deep,TH deep,processes,post,32,0.8867316246032715,4
205,m357,TH,deep,TH deep,processes,post,39,0.9060964584350586,6
205,m357,TH,deep,TH deep,processes,post,40,0.8788337111473083,6
205,m357,TH,deep,TH deep,processes,pre,1,0.6138036251068115,6
205,m357,TH,deep,TH deep,processes,pre,2,0.9191416501998901,8
205,m357,TH,deep,TH deep,processes,pre,3,0.8472296595573425,6
205,m357,TH,deep,TH deep,processes,pre,4,0.556329607963562,11
205,m357,TH,deep,TH deep,processes,pre,10,0.7129056453704834,9
205,m357,TH,deep,TH deep,processes,pre,12,0.8705404996871948,12
205,m357,TH,deep,TH deep,processes,pre,17,0.8836449384689331,6
205,m357,TH,deep,TH deep,processes,pre,18,0.8457328081130981,5
205,m357,TH,deep,TH deep,processes,pre,21,0.8893778920173645,10
205,m357,TH,deep,TH deep,processes,pre,22,0.7209854125976562,5
205,m357,TH,deep,TH deep,processes,pre,30,0.678903341293335,4
205,m357,TH,deep,TH deep,processes,pre,31,0.6796461939811707,5
205,m357,TH,deep,TH deep,processes,pre,32,0.8378819227218628,8
205,m357,TH,deep,TH deep,processes,pre,39,0.2620692849159241,2
205,m357,TH,deep,TH deep,processes,pre,40,0.7550382018089294,6
212,m462,TH,deep,TH deep,somas,post,1,0.25648266077041626,3
212,m462,TH,deep,TH deep,somas,post,2,0.6957088112831116,4
212,m462,TH,deep,TH deep,somas,post,3,0.8039483428001404,9
212,m462,TH,deep,TH deep,somas,post,4,0.4967183470726013,5
212,m462,TH,deep,TH deep,somas,post,10,0.14216451346874237,6
212,m462,TH,deep,TH deep,somas,post,12,0.516394853591919,3
212,m462,TH,deep,TH deep,somas,post,17,0.8691508769989014,11
212,m462,TH,deep,TH deep,somas,post,18,0.8786607384681702,11
212,m462,TH,deep,TH deep,somas,post,21,0.9567743539810181,8
212,m462,TH,deep,TH deep,somas,post,22,0.8597846031188965,8
212,m462,TH,deep,TH deep,somas,post,30,0.7917324304580688,12
212,m462,TH,deep,TH deep,somas,post,31,0.8188846707344055,6
212,m462,TH,deep,TH deep,somas,post,32,0.8679356575012207,8
212,m462,TH,deep,TH deep,somas,post,39,0.7677223682403564,5
212,m462,TH,deep,TH deep,somas,post,40,0.6673660278320312,7
212,m462,TH,deep,TH deep,somas,pre,1,0.21750487387180328,4
212,m462,TH,deep,TH deep,somas,pre,2,0.7706000804901123,4
212,m462,TH,deep,TH deep,somas,pre,3,0.6478080749511719,7
212,m462,TH,deep,TH deep,somas,pre,4,0.9116010069847107,9
212,m462,TH,deep,TH deep,somas,pre,10,0.1455218344926834,5
212,m462,TH,deep,TH deep,somas,pre,12,0.8642292022705078,8
212,m462,TH,deep,TH deep,somas,pre,17,0.6884679794311523,6
212,m462,TH,deep,TH deep,somas,pre,18,0.9066469669342041,8
212,m462,TH,deep,TH deep,somas,pre,21,0.7416189908981323,5
212,m462,TH,deep,TH deep,somas,pre,22,0.9255247116088867,5
212,m462,TH,deep,TH deep,somas,pre,30,0.9605842232704163,8
212,m462,TH,deep,TH deep,somas,pre,31,0.980231761932373,7
212,m462,TH,deep,TH deep,somas,pre,32,0.9617565274238586,6
212,m462,TH,deep,TH deep,somas,pre,39,0.8021732568740845,9
212,m462,TH,deep,TH deep,somas,pre,40,0.8327094316482544,7
212,m462,TH,deep,TH deep,processes,post,1,0.23696260154247284,3
212,m462,TH,deep,TH deep,processes,post,2,0.8434578776359558,4
212,m462,TH,deep,TH deep,processes,post,3,0.8796824812889099,9
212,m462,TH,deep,TH deep,processes,post,4,0.39356932044029236,5
212,m462,TH,deep,TH deep,processes,post,10,0.1835680454969406,6
212,m462,TH,deep,TH deep,processes,post,12,0.5928316712379456,3
212,m462,TH,deep,TH deep,processes,post,17,0.900195300579071,11
212,m462,TH,deep,TH deep,processes,post,18,0.9274575710296631,11
212,m462,TH,deep,TH deep,processes,post,21,0.9690918922424316,8
212,m462,TH,deep,TH deep,processes,post,22,0.8986700773239136,8
212,m462,TH,deep,TH deep,processes,post,30,0.8693788051605225,12
212,m462,TH,deep,TH deep,processes,post,31,0.9014768004417419,6
212,m462,TH,deep,TH deep,processes,post,32,0.8992252349853516,8
212,m462,TH,deep,TH deep,processes,post,39,0.8355740904808044,5
212,m462,TH,deep,TH deep,processes,post,40,0.8192647695541382,7
212,m462,TH,deep,TH deep,processes,pre,1,-0.1964108794927597,4
212,m462,TH,deep,TH deep,processes,pre,2,0.7498070597648621,4
212,m462,TH,deep,TH deep,processes,pre,3,0.441649466753006,7
212,m462,TH,deep,TH deep,processes,pre,4,0.92928147315979,9
212,m462,TH,deep,TH deep,processes,pre,10,-0.002208142541348934,5
212,m462,TH,deep,TH deep,processes,pre,12,0.842984139919281,8
212,m462,TH,deep,TH deep,processes,pre,17,0.5982656478881836,6
212,m462,TH,deep,TH deep,processes,pre,18,0.7997944951057434,8
212,m462,TH,deep,TH deep,processes,pre,21,0.7294710874557495,5
212,m462,TH,deep,TH deep,processes,pre,22,0.9445063471794128,5
212,m462,TH,deep,TH deep,processes,pre,30,0.9690506458282471,8
212,m462,TH,deep,TH deep,processes,pre,31,0.9751496315002441,7
212,m462,TH,deep,TH deep,processes,pre,32,0.9713761210441589,6
212,m462,TH,deep,TH deep,processes,pre,39,0.7136093378067017,9
212,m462,TH,deep,TH deep,processes,pre,40,0.7646155953407288,7
196,m472,DAT,superficial,DAT superficial,somas,post,1,0.7873109579086304,6
196,m472,DAT,superficial,DAT superficial,somas,post,2,0.8913813829421997,10
196,m472,DAT,superficial,DAT superficial,somas,post,3,0.8581241965293884,10
196,m472,DAT,superficial,DAT superficial,somas,post,4,0.5810731053352356,7
196,m472,DAT,superficial,DAT superficial,somas,post,10,0.7399386763572693,7
196,m472,DAT,superficial,DAT superficial,somas,post,12,0.9145363569259644,7
196,m472,DAT,superficial,DAT superficial,somas,post,17,0.9168097972869873,7
196,m472,DAT,superficial,DAT superficial,somas,post,18,0.9041807055473328,5
196,m472,DAT,superficial,DAT superficial,somas,post,21,0.8677700161933899,4
196,m472,DAT,superficial,DAT superficial,somas,post,22,0.910769522190094,8
196,m472,DAT,superficial,DAT superficial,somas,post,30,0.9481167793273926,5
196,m472,DAT,superficial,DAT superficial,somas,post,31,0.9601935148239136,11
196,m472,DAT,superficial,DAT superficial,somas,post,32,0.9661697149276733,8
196,m472,DAT,superficial,DAT superficial,somas,post,39,0.9210788607597351,6
196,m472,DAT,superficial,DAT superficial,somas,post,40,0.8938947916030884,4
196,m472,DAT,superficial,DAT superficial,somas,pre,1,0.9470776319503784,9
196,m472,DAT,superficial,DAT superficial,somas,pre,2,0.7952500581741333,6
196,m472,DAT,superficial,DAT superficial,somas,pre,3,0.9362662434577942,8
196,m472,DAT,superficial,DAT superficial,somas,pre,4,0.9054293036460876,9
196,m472,DAT,superficial,DAT superficial,somas,pre,10,0.8888314366340637,6
196,m472,DAT,superficial,DAT superficial,somas,pre,12,0.9138963222503662,7
196,m472,DAT,superficial,DAT superficial,somas,pre,17,0.9202636480331421,6
196,m472,DAT,superficial,DAT superficial,somas,pre,18,0.9221564531326294,5
196,m472,DAT,superficial,DAT superficial,somas,pre,21,0.8747729063034058,6
196,m472,DAT,superficial,DAT superficial,somas,pre,22,0.9455137252807617,6
196,m472,DAT,superficial,DAT superficial,somas,pre,30,0.9162119626998901,7
196,m472,DAT,superficial,DAT superficial,somas,pre,31,0.9377108216285706,8
196,m472,DAT,superficial,DAT superficial,somas,pre,32,0.9600695371627808,7
196,m472,DAT,superficial,DAT superficial,somas,pre,39,0.9544788599014282,10
196,m472,DAT,superficial,DAT superficial,somas,pre,40,0.6638990044593811,3
196,m472,DAT,superficial,DAT superficial,processes,post,1,0.8357469439506531,6
196,m472,DAT,superficial,DAT superficial,processes,post,2,0.8593447208404541,10
196,m472,DAT,superficial,DAT superficial,processes,post,3,0.7941252589225769,10
196,m472,DAT,superficial,DAT superficial,processes,post,4,0.5149428844451904,7
196,m472,DAT,superficial,DAT superficial,processes,post,10,0.7400987148284912,7
196,m472,DAT,superficial,DAT superficial,processes,post,12,0.9008988738059998,7
196,m472,DAT,superficial,DAT superficial,processes,post,17,0.9154467582702637,7
196,m472,DAT,superficial,DAT superficial,processes,post,18,0.906391441822052,5
196,m472,DAT,superficial,DAT superficial,processes,post,21,0.8293153047561646,4
196,m472,DAT,superficial,DAT superficial,processes,post,22,0.9233541488647461,8
196,m472,DAT,superficial,DAT superficial,processes,post,30,0.8920478820800781,5
196,m472,DAT,superficial,DAT superficial,processes,post,31,0.9405999183654785,11
196,m472,DAT,superficial,DAT superficial,processes,post,32,0.9449228048324585,8
196,m472,DAT,superficial,DAT superficial,processes,post,39,0.9084111452102661,6
196,m472,DAT,superficial,DAT superficial,processes,post,40,0.8715560436248779,4
196,m472,DAT,superficial,DAT superficial,processes,pre,1,0.9433331489562988,9
196,m472,DAT,superficial,DAT superficial,processes,pre,2,0.6881727576255798,6
196,m472,DAT,superficial,DAT superficial,processes,pre,3,0.9168741703033447,8
196,m472,DAT,superficial,DAT superficial,processes,pre,4,0.8749812245368958,9
196,m472,DAT,superficial,DAT superficial,processes,pre,10,0.853502094745636,6
196,m472,DAT,superficial,DAT superficial,processes,pre,12,0.8542056083679199,7
196,m472,DAT,superficial,DAT superficial,processes,pre,17,0.9177509546279907,6
196,m472,DAT,superficial,DAT superficial,processes,pre,18,0.9011933207511902,5
196,m472,DAT,superficial,DAT superficial,processes,pre,21,0.7979950904846191,6
196,m472,DAT,superficial,DAT superficial,processes,pre,22,0.8987234830856323,6
196,m472,DAT,superficial,DAT superficial,processes,pre,30,0.9111111164093018,7
196,m472,DAT,superficial,DAT superficial,processes,pre,31,0.8951511383056641,8
196,m472,DAT,superficial,DAT superficial,processes,pre,32,0.9525373578071594,7
196,m472,DAT,superficial,DAT superficial,processes,pre,39,0.9289267659187317,10
196,m472,DAT,superficial,DAT superficial,processes,pre,40,0.6674132943153381,3
233,m465,TH,deep,TH deep,somas,post,1,0.30468809604644775,4
233,m465,TH,deep,TH deep,somas,post,2,0.8250375390052795,5
233,m465,TH,deep,TH deep,somas,post,3,0.8644482493400574,6
233,m465,TH,deep,TH deep,somas,post,4,0.46889728307724,2
233,m465,TH,deep,TH deep,somas,post,10,0.7695358991622925,5
233,m465,TH,deep,TH deep,somas,post,12,0.7974509000778198,6
233,m465,TH,deep,TH deep,somas,post,17,0.850725531578064,7
233,m465,TH,deep,TH deep,somas,post,18,0.8678212761878967,8
233,m465,TH,deep,TH deep,somas,post,21,0.914107084274292,2
233,m465,TH,deep,TH deep,somas,post,22,0.9603530168533325,11
233,m465,TH,deep,TH deep,somas,post,30,0.8940879106521606,2
233,m465,TH,deep,TH deep,somas,post,31,0.8243618011474609,2
233,m465,TH,deep,TH deep,somas,post,32,0.8988680839538574,6
233,m465,TH,deep,TH deep,somas,post,39,0.7168658375740051,5
233,m465,TH,deep,TH deep,somas,post,40,0.6042327284812927,4
233,m465,TH,deep,TH deep,somas,pre,1,0.22907103598117828,4
233,m465,TH,deep,TH deep,somas,pre,2,0.21599480509757996,4
233,m465,TH,deep,TH deep,somas,pre,3,0.6235413551330566,2
233,m465,TH,deep,TH deep,somas,pre,4,0.3975198268890381,6
233,m465,TH,deep,TH deep,somas,pre,10,-0.06347493827342987,7
233,m465,TH,deep,TH deep,somas,pre,12,0.24524584412574768,7
233,m465,TH,deep,TH deep,somas,pre,17,-0.538015604019165,3
233,m465,TH,deep,TH deep,somas,pre,18,0.5192882418632507,5
233,m465,TH,deep,TH deep,somas,pre,21,0.7568088173866272,8
233,m465,TH,deep,TH deep,somas,pre,22,0.7392877340316772,5
233,m465,TH,deep,TH deep,somas,pre,30,0.48167961835861206,6
233,m465,TH,deep,TH deep,somas,pre,31,0.6787307858467102,3
233,m465,TH,deep,TH deep,somas,pre,32,0.9131775498390198,6
233,m465,TH,deep,TH deep,somas,pre,39,0.46061334013938904,6
233,m465,TH,deep,TH deep,somas,pre,40,0.09529026597738266,2
233,m465,TH,deep,TH deep,processes,post,1,0.5166944265365601,4
233,m465,TH,deep,TH deep,processes,post,2,0.8075929284095764,5
233,m465,TH,deep,TH deep,processes,post,3,0.9170236587524414,6
233,m465,TH,deep,TH deep,processes,post,4,0.6315200328826904,2
233,m465,TH,deep,TH deep,processes,post,10,0.8159985542297363,5
233,m465,TH,deep,TH deep,processes,post,12,0.8559969663619995,6
233,m465,TH,deep,TH deep,processes,post,17,0.8977029919624329,7
233,m465,TH,deep,TH deep,processes,post,18,0.8267016410827637,8
233,m465,TH,deep,TH deep,processes,post,21,0.9290866255760193,2
233,m465,TH,deep,TH deep,processes,post,22,0.9744023084640503,11
233,m465,TH,deep,TH deep,processes,post,30,0.905786395072937,2
233,m465,TH,deep,TH deep,processes,post,31,0.8751584887504578,2
233,m465,TH,deep,TH deep,processes,post,32,0.9364643692970276,6
233,m465,TH,deep,TH deep,processes,post,39,0.7531483769416809,5
233,m465,TH,deep,TH deep,processes,post,40,0.7979499697685242,4
233,m465,TH,deep,TH deep,processes,pre,1,0.42618587613105774,4
233,m465,TH,deep,TH deep,processes,pre,2,0.4126911759376526,4
233,m465,TH,deep,TH deep,processes,pre,3,0.7390522956848145,2
233,m465,TH,deep,TH deep,processes,pre,4,0.3859066367149353,6
233,m465,TH,deep,TH deep,processes,pre,10,0.4548420011997223,7
233,m465,TH,deep,TH deep,processes,pre,12,0.4368252456188202,7
233,m465,TH,deep,TH deep,processes,pre,17,-0.02805355191230774,3
233,m465,TH,deep,TH deep,processes,pre,18,0.8120673894882202,5
233,m465,TH,deep,TH deep,processes,pre,21,0.7937668561935425,8
233,m465,TH,deep,TH deep,processes,pre,22,0.558955192565918,5
233,m465,TH,deep,TH deep,processes,pre,30,0.7393627166748047,6
233,m465,TH,deep,TH deep,processes,pre,31,0.4495803415775299,3
233,m465,TH,deep,TH deep,processes,pre,32,0.8798131942749023,6
233,m465,TH,deep,TH deep,processes,pre,39,0.5632262825965881,6
233,m465,TH,deep,TH deep,processes,pre,40,0.3066869080066681,2
228,m466,TH,deep,TH deep,somas,post,1,0.8912437558174133,3
228,m466,TH,deep,TH deep,somas,post,2,0.6615997552871704,5
228,m466,TH,deep,TH deep,somas,post,3,0.8563576936721802,4
228,m466,TH,deep,TH deep,somas,post,4,0.9096171855926514,10
228,m466,TH,deep,TH deep,somas,post,10,0.6445954442024231,3
228,m466,TH,deep,TH deep,somas,post,12,0.9097689390182495,6
228,m466,TH,deep,TH deep,somas,post,17,0.9038095474243164,9
228,m466,TH,deep,TH deep,somas,post,18,0.8817984461784363,7
228,m466,TH,deep,TH deep,somas,post,21,0.9458730220794678,6
228,m466,TH,deep,TH deep,somas,post,22,0.9393043518066406,5
228,m466,TH,deep,TH deep,somas,post,30,0.5535658001899719,2
228,m466,TH,deep,TH deep,somas,post,31,0.9352129697799683,6
228,m466,TH,deep,TH deep,somas,post,32,0.8932923078536987,4
228,m466,TH,deep,TH deep,somas,post,39,0.7443961501121521,4
228,m466,TH,deep,TH deep,somas,post,40,0.7671342492103577,3
228,m466,TH,deep,TH deep,somas,pre,1,0.8397329449653625,6
228,m466,TH,deep,TH deep,somas,pre,2,0.7905957102775574,5
228,m466,TH,deep,TH deep,somas,pre,3,0.40261271595954895,5
228,m466,TH,deep,TH deep,somas,pre,4,0.6926145553588867,7
228,m466,TH,deep,TH deep,somas,pre,10,0.39982277154922485,8
228,m466,TH,deep,TH deep,somas,pre,12,0.4587275981903076,3
228,m466,TH,deep,TH deep,somas,pre,18,0.9064454436302185,4
228,m466,TH,deep,TH deep,somas,pre,21,0.6830480694770813,3
228,m466,TH,deep,TH deep,somas,pre,22,0.5933992862701416,3
228,m466,TH,deep,TH deep,somas,pre,30,0.8060088753700256,4
228,m466,TH,deep,TH deep,somas,pre,31,0.7864339351654053,6
228,m466,TH,deep,TH deep,somas,pre,32,0.4011087715625763,4
228,m466,TH,deep,TH deep,somas,pre,39,0.8414158821105957,3
228,m466,TH,deep,TH deep,somas,pre,40,0.7632268667221069,8
228,m466,TH,deep,TH deep,processes,post,1,0.8191967606544495,3
228,m466,TH,deep,TH deep,processes,post,2,0.5767794847488403,5
228,m466,TH,deep,TH deep,processes,post,3,0.793471097946167,4
228,m466,TH,deep,TH deep,processes,post,4,0.8710898756980896,10
228,m466,TH,deep,TH deep,processes,post,10,0.3393194079399109,3
228,m466,TH,deep,TH deep,processes,post,12,0.8469822406768799,6
228,m466,TH,deep,TH deep,processes,post,17,0.8268603086471558,9
228,m466,TH,deep,TH deep,processes,post,18,0.8504019975662231,7
228,m466,TH,deep,TH deep,processes,post,21,0.9268090128898621,6
228,m466,TH,deep,TH deep,processes,post,22,0.9259371757507324,5
228,m466,TH,deep,TH deep,processes,post,30,0.6172276139259338,2
228,m466,TH,deep,TH deep,processes,post,31,0.9363933801651001,6
228,m466,TH,deep,TH deep,processes,post,32,0.8750891089439392,4
228,m466,TH,deep,TH deep,processes,post,39,0.614721953868866,4
228,m466,TH,deep,TH deep,processes,post,40,0.6247549653053284,3
228,m466,TH,deep,TH deep,processes,pre,1,0.7739142775535583,6
228,m466,TH,deep,TH deep,processes,pre,2,0.8020546436309814,5
228,m466,TH,deep,TH deep,processes,pre,3,0.4341123104095459,5
228,m466,TH,deep,TH deep,processes,pre,4,0.622683048248291,7
228,m466,TH,deep,TH deep,processes,pre,10,0.5168529152870178,8
228,m466,TH,deep,TH deep,processes,pre,12,0.4012320935726166,3
228,m466,TH,deep,TH deep,processes,pre,18,0.8314594626426697,4
228,m466,TH,deep,TH deep,processes,pre,21,0.522429883480072,3
228,m466,TH,deep,TH deep,processes,pre,22,0.5699647665023804,3
228,m466,TH,deep,TH deep,processes,pre,30,0.7340043783187866,4
228,m466,TH,deep,TH deep,processes,pre,31,0.8519691824913025,6
228,m466,TH,deep,TH deep,processes,pre,32,0.5265909433364868,4
228,m466,TH,deep,TH deep,processes,pre,39,0.8075120449066162,3
228,m466,TH,deep,TH deep,processes,pre,40,0.7567809820175171,8
199,m465,TH,superficial,TH superficial,somas,post,1,0.7998070120811462,5
199,m465,TH,superficial,TH superficial,somas,post,2,0.9708914756774902,5
199,m465,TH,superficial,TH superficial,somas,post,3,0.6224421262741089,6
199,m465,TH,superficial,TH superficial,somas,post,10,0.3819712996482849,2
199,m465,TH,superficial,TH superficial,somas,post,12,0.7382590770721436,6
199,m465,TH,superficial,TH superficial,somas,post,17,0.807828426361084,6
199,m465,TH,superficial,TH superficial,somas,post,18,0.8331040740013123,6
199,m465,TH,superficial,TH superficial,somas,post,21,0.9033209681510925,6
199,m465,TH,superficial,TH superficial,somas,post,22,0.718490719795227,5
199,m465,TH,superficial,TH superficial,somas,post,30,0.6241210699081421,4
199,m465,TH,superficial,TH superficial,somas,post,31,0.8375353217124939,7
199,m465,TH,superficial,TH superficial,somas,post,32,0.7726989388465881,4
199,m465,TH,superficial,TH superficial,somas,post,39,0.8146894574165344,6
199,m465,TH,superficial,TH superficial,somas,post,40,0.8280067443847656,8
199,m465,TH,superficial,TH superficial,somas,pre,1,0.6866918802261353,5
199,m465,TH,superficial,TH superficial,somas,pre,2,0.8556089401245117,3
199,m465,TH,superficial,TH superficial,somas,pre,3,0.49038589000701904,7
199,m465,TH,superficial,TH superficial,somas,pre,4,0.7178137898445129,5
199,m465,TH,superficial,TH superficial,somas,pre,10,0.7785311937332153,8
199,m465,TH,superficial,TH superficial,somas,pre,12,0.6229313611984253,5
199,m465,TH,superficial,TH superficial,somas,pre,17,-0.10378284752368927,2
199,m465,TH,superficial,TH superficial,somas,pre,18,0.7126889228820801,4
199,m465,TH,superficial,TH superficial,somas,pre,21,0.9220083355903625,6
199,m465,TH,superficial,TH superficial,somas,pre,22,0.4776265323162079,4
199,m465,TH,superficial,TH superficial,somas,pre,30,0.9221261739730835,6
199,m465,TH,superficial,TH superficial,somas,pre,31,0.8571340441703796,5
199,m465,TH,superficial,TH superficial,somas,pre,39,0.7525662779808044,5
199,m465,TH,superficial,TH superficial,somas,pre,40,0.7662171125411987,6
199,m465,TH,superficial,TH superficial,processes,post,1,0.8515963554382324,5
199,m465,TH,superficial,TH superficial,processes,post,2,0.941679835319519,5
199,m465,TH,superficial,TH superficial,processes,post,3,0.752899706363678,6
199,m465,TH,superficial,TH superficial,processes,post,10,0.6150065064430237,2
199,m465,TH,superficial,TH superficial,processes,post,12,0.8225959539413452,6
199,m465,TH,superficial,TH superficial,processes,post,17,0.8899528384208679,6
199,m465,TH,superficial,TH superficial,processes,post,18,0.9130173325538635,6
199,m465,TH,superficial,TH superficial,processes,post,21,0.9322452545166016,6
199,m465,TH,superficial,TH superficial,processes,post,22,0.8423464894294739,5
199,m465,TH,superficial,TH superficial,processes,post,30,0.6349368691444397,4
199,m465,TH,superficial,TH superficial,processes,post,31,0.8773218989372253,7
199,m465,TH,superficial,TH superficial,processes,post,32,0.7872541546821594,4
199,m465,TH,superficial,TH superficial,processes,post,39,0.8601421117782593,6
199,m465,TH,superficial,TH superficial,processes,post,40,0.8671067953109741,8
199,m465,TH,superficial,TH superficial,processes,pre,1,0.6723834872245789,5
199,m465,TH,superficial,TH superficial,processes,pre,2,0.7577010989189148,3
199,m465,TH,superficial,TH superficial,processes,pre,3,0.6358309984207153,7
199,m465,TH,superficial,TH superficial,processes,pre,4,0.5862644910812378,5
199,m465,TH,superficial,TH superficial,processes,pre,10,0.6082420349121094,8
199,m465,TH,superficial,TH superficial,processes,pre,12,0.7112804651260376,5
199,m465,TH,superficial,TH superficial,processes,pre,17,0.04286143556237221,2
199,m465,TH,superficial,TH superficial,processes,pre,18,0.5925865769386292,4
199,m465,TH,superficial,TH superficial,processes,pre,21,0.8800781965255737,6
199,m465,TH,superficial,TH superficial,processes,pre,22,0.7100516557693481,4
199,m465,TH,superficial,TH superficial,processes,pre,30,0.9253150224685669,6
199,m465,TH,superficial,TH superficial,processes,pre,31,0.8964341878890991,5
199,m465,TH,superficial,TH superficial,processes,pre,39,0.5221710801124573,5
199,m465,TH,superficial,TH superficial,processes,pre,40,0.6347814798355103,6
200,m466,TH,superficial,TH superficial,somas,post,1,0.28813955187797546,5
200,m466,TH,superficial,TH superficial,somas,post,2,0.9556525945663452,5
200,m466,TH,superficial,TH superficial,somas,post,3,0.5557323694229126,8
200,m466,TH,superficial,TH superficial,somas,post,4,0.4007881283760071,7
200,m466,TH,superficial,TH superficial,somas,post,10,0.6405983567237854,6
200,m466,TH,superficial,TH superficial,somas,post,12,0.5837883949279785,6
200,m466,TH,superficial,TH superficial,somas,post,17,0.8336063623428345,6
200,m466,TH,superficial,TH superficial,somas,post,18,0.7072815895080566,3
200,m466,TH,superficial,TH superficial,somas,post,21,0.8818203210830688,3
200,m466,TH,superficial,TH superficial,somas,post,22,0.8134810924530029,8
200,m466,TH,superficial,TH superficial,somas,post,30,0.5019157528877258,3
200,m466,TH,superficial,TH superficial,somas,post,31,0.6687920689582825,3
200,m466,TH,superficial,TH superficial,somas,post,32,0.6133595705032349,4
200,m466,TH,superficial,TH superficial,somas,post,39,0.5591385364532471,3
200,m466,TH,superficial,TH superficial,somas,post,40,0.6710441708564758,6
200,m466,TH,superficial,TH superficial,somas,pre,1,0.598457932472229,5
200,m466,TH,superficial,TH superficial,somas,pre,2,0.9423413872718811,3
200,m466,TH,superficial,TH superficial,somas,pre,3,0.7814738154411316,4
200,m466,TH,superficial,TH superficial,somas,pre,4,0.8357648253440857,2
200,m466,TH,superficial,TH superficial,somas,pre,10,0.5359883904457092,4
200,m466,TH,superficial,TH superficial,somas,pre,12,0.6068143844604492,5
200,m466,TH,superficial,TH superficial,somas,pre,17,0.6802011132240295,5
200,m466,TH,superficial,TH superficial,somas,pre,18,0.7688222527503967,7
200,m466,TH,superficial,TH superficial,somas,pre,21,0.7790272831916809,5
200,m466,TH,superficial,TH superficial,somas,pre,22,0.7781344652175903,2
200,m466,TH,superficial,TH superficial,somas,pre,30,0.9545668363571167,5
200,m466,TH,superficial,TH superficial,somas,pre,31,0.9762178659439087,8
200,m466,TH,superficial,TH superficial,somas,pre,32,0.9397398829460144,8
200,m466,TH,superficial,TH superficial,somas,pre,39,0.938992440700531,3
200,m466,TH,superficial,TH superficial,somas,pre,40,0.6812482476234436,5
200,m466,TH,superficial,TH superficial,processes,post,1,0.18947288393974304,5
200,m466,TH,superficial,TH superficial,processes,post,2,0.9755764007568359,5
200,m466,TH,superficial,TH superficial,processes,post,3,0.5589448809623718,8
200,m466,TH,superficial,TH superficial,processes,post,4,0.514754056930542,7
200,m466,TH,superficial,TH superficial,processes,post,10,0.6687997579574585,6
200,m466,TH,superficial,TH superficial,processes,post,12,0.6983884572982788,6
200,m466,TH,superficial,TH superficial,processes,post,17,0.8818674683570862,6
200,m466,TH,superficial,TH superficial,processes,post,18,0.7843239307403564,3
200,m466,TH,superficial,TH superficial,processes,post,21,0.7843428254127502,3
200,m466,TH,superficial,TH superficial,processes,post,22,0.792762041091919,8
200,m466,TH,superficial,TH superficial,processes,post,30,0.42155593633651733,3
200,m466,TH,superficial,TH superficial,processes,post,31,0.7268124222755432,3
200,m466,TH,superficial,TH superficial,processes,post,32,0.6350708603858948,4
200,m466,TH,superficial,TH superficial,processes,post,39,0.6201252341270447,3
200,m466,TH,superficial,TH superficial,processes,post,40,0.6090960502624512,6
200,m466,TH,superficial,TH superficial,processes,pre,1,0.5840885639190674,5
200,m466,TH,superficial,TH superficial,processes,pre,2,0.8759384751319885,3
200,m466,TH,superficial,TH superficial,processes,pre,3,0.7678303718566895,4
200,m466,TH,superficial,TH superficial,processes,pre,4,0.7985873222351074,2
200,m466,TH,superficial,TH superficial,processes,pre,10,0.2546541094779968,4
200,m466,TH,superficial,TH superficial,processes,pre,12,0.5605250597000122,5
200,m466,TH,superficial,TH superficial,processes,pre,17,0.5882961750030518,5
200,m466,TH,superficial,TH superficial,processes,pre,18,0.7560627460479736,7
200,m466,TH,superficial,TH superficial,processes,pre,21,0.6162135601043701,5
200,m466,TH,superficial,TH superficial,processes,pre,22,0.727185845375061,2
200,m466,TH,superficial,TH superficial,processes,pre,30,0.9443948268890381,5
200,m466,TH,superficial,TH superficial,processes,pre,31,0.9706473350524902,8
200,m466,TH,superficial,TH superficial,processes,pre,32,0.9440526366233826,8
200,m466,TH,superficial,TH superficial,processes,pre,39,0.8937731385231018,3
200,m466,TH,superficial,TH superficial,processes,pre,40,0.625197172164917,5
237,m442,DAT,superficial,DAT superficial,somas,post,1,0.13153886795043945,6
237,m442,DAT,superficial,DAT superficial,somas,post,2,0.782070517539978,4
237,m442,DAT,superficial,DAT superficial,somas,post,3,0.7057478427886963,5
237,m442,DAT,superficial,DAT superficial,somas,post,4,0.5413588881492615,6
237,m442,DAT,superficial,DAT superficial,somas,post,10,0.01990591175854206,4
237,m442,DAT,superficial,DAT superficial,somas,post,12,0.7907862663269043,8
237,m442,DAT,superficial,DAT superficial,somas,post,17,0.5934238433837891,5
237,m442,DAT,superficial,DAT superficial,somas,post,18,0.7477497458457947,5
237,m442,DAT,superficial,DAT superficial,somas,post,21,0.9768275618553162,3
237,m442,DAT,superficial,DAT superficial,somas,post,22,0.8349642753601074,5
237,m442,DAT,superficial,DAT superficial,somas,post,30,0.8702282309532166,5
237,m442,DAT,superficial,DAT superficial,somas,post,31,0.6204674243927002,4
237,m442,DAT,superficial,DAT superficial,somas,post,32,0.6488481760025024,6
237,m442,DAT,superficial,DAT superficial,somas,post,39,0.04856408014893532,3
237,m442,DAT,superficial,DAT superficial,somas,post,40,0.3338756263256073,5
237,m442,DAT,superficial,DAT superficial,somas,pre,1,0.8132708072662354,3
237,m442,DAT,superficial,DAT superficial,somas,pre,2,0.4763931930065155,4
237,m442,DAT,superficial,DAT superficial,somas,pre,3,0.6857085227966309,7
237,m442,DAT,superficial,DAT superficial,somas,pre,4,0.8670047521591187,10
237,m442,DAT,superficial,DAT superficial,somas,pre,10,0.389740914106369,6
237,m442,DAT,superficial,DAT superficial,somas,pre,12,0.5246317982673645,5
237,m442,DAT,superficial,DAT superficial,somas,pre,17,0.2811833918094635,5
237,m442,DAT,superficial,DAT superficial,somas,pre,18,0.8507917523384094,4
237,m442,DAT,superficial,DAT superficial,somas,pre,21,0.9645379185676575,10
237,m442,DAT,superficial,DAT superficial,somas,pre,22,0.916100025177002,5
237,m442,DAT,superficial,DAT superficial,somas,pre,30,0.6726037263870239,4
237,m442,DAT,superficial,DAT superficial,somas,pre,31,0.9237439632415771,6
237,m442,DAT,superficial,DAT superficial,somas,pre,32,0.8497997522354126,4
237,m442,DAT,superficial,DAT superficial,somas,pre,40,0.13201144337654114,4
237,m442,DAT,superficial,DAT superficial,processes,post,1,0.1410522311925888,6
237,m442,DAT,superficial,DAT superficial,processes,post,2,0.8564664125442505,4
237,m442,DAT,superficial,DAT superficial,processes,post,3,0.8664638996124268,5
237,m442,DAT,superficial,DAT superficial,processes,post,4,0.6776711344718933,6
237,m442,DAT,superficial,DAT superficial,processes,post,10,-0.03608694672584534,4
237,m442,DAT,superficial,DAT superficial,processes,post,12,0.9078652858734131,8
237,m442,DAT,superficial,DAT superficial,processes,post,17,0.8542696237564087,5
237,m442,DAT,superficial,DAT superficial,processes,post,18,0.9219985008239746,5
237,m442,DAT,superficial,DAT superficial,processes,post,21,0.9851217865943909,3
237,m442,DAT,superficial,DAT superficial,processes,post,22,0.8577712774276733,5
237,m442,DAT,superficial,DAT superficial,processes,post,30,0.8939364552497864,5
237,m442,DAT,superficial,DAT superficial,processes,post,31,0.779022216796875,4
237,m442,DAT,superficial,DAT superficial,processes,post,32,0.7752736210823059,6
237,m442,DAT,superficial,DAT superficial,processes,post,39,0.2215205430984497,3
237,m442,DAT,superficial,DAT superficial,processes,post,40,0.43070539832115173,5
237,m442,DAT,superficial,DAT superficial,processes,pre,1,0.8441017866134644,3
237,m442,DAT,superficial,DAT superficial,processes,pre,2,0.6720237731933594,4
237,m442,DAT,superficial,DAT superficial,processes,pre,3,0.7569335699081421,7
237,m442,DAT,superficial,DAT superficial,processes,pre,4,0.9146852493286133,10
237,m442,DAT,superficial,DAT superficial,processes,pre,10,0.4294165074825287,6
237,m442,DAT,superficial,DAT superficial,processes,pre,12,0.5192162394523621,5
237,m442,DAT,superficial,DAT superficial,processes,pre,17,0.3493523597717285,5
237,m442,DAT,superficial,DAT superficial,processes,pre,18,0.8782886266708374,4
237,m442,DAT,superficial,DAT superficial,processes,pre,21,0.96744704246521,10
237,m442,DAT,superficial,DAT superficial,processes,pre,22,0.9432349801063538,5
237,m442,DAT,superficial,DAT superficial,processes,pre,30,0.6588122248649597,4
237,m442,DAT,superficial,DAT superficial,processes,pre,31,0.9478160738945007,6
237,m442,DAT,superficial,DAT superficial,processes,pre,32,0.9041895270347595,4
237,m442,DAT,superficial,DAT superficial,processes,pre,40,0.18149849772453308,4
201,m472,DAT,superficial,DAT superficial,somas,post,1,0.6713266968727112,5
201,m472,DAT,superficial,DAT superficial,somas,post,2,0.802862823009491,4
201,m472,DAT,superficial,DAT superficial,somas,post,3,0.7369683384895325,4
201,m472,DAT,superficial,DAT superficial,somas,post,4,0.4264101982116699,5
201,m472,DAT,superficial,DAT superficial,somas,post,10,0.45441773533821106,7
201,m472,DAT,superficial,DAT superficial,somas,post,12,0.6662015318870544,3
201,m472,DAT,superficial,DAT superficial,somas,post,17,0.8696033358573914,3
201,m472,DAT,superficial,DAT superficial,somas,post,18,0.8223095536231995,6
201,m472,DAT,superficial,DAT superficial,somas,post,21,0.8934686779975891,3
201,m472,DAT,superficial,DAT superficial,somas,post,22,0.890367865562439,6
201,m472,DAT,superficial,DAT superficial,somas,post,30,0.7972081899642944,4
201,m472,DAT,superficial,DAT superficial,somas,post,31,0.9217170476913452,6
201,m472,DAT,superficial,DAT superficial,somas,post,32,0.8716583847999573,7
201,m472,DAT,superficial,DAT superficial,somas,post,39,0.9229458570480347,7
201,m472,DAT,superficial,DAT superficial,somas,post,40,0.8306537866592407,6
201,m472,DAT,superficial,DAT superficial,somas,pre,1,0.885682225227356,6
201,m472,DAT,superficial,DAT superficial,somas,pre,3,0.8313453197479248,5
201,m472,DAT,superficial,DAT superficial,somas,pre,4,0.7311803102493286,8
201,m472,DAT,superficial,DAT superficial,somas,pre,10,0.14492802321910858,4
201,m472,DAT,superficial,DAT superficial,somas,pre,12,0.7818372249603271,5
201,m472,DAT,superficial,DAT superficial,somas,pre,17,0.7652803659439087,5
201,m472,DAT,superficial,DAT superficial,somas,pre,18,-0.0869365781545639,2
201,m472,DAT,superficial,DAT superficial,somas,pre,21,0.7864800691604614,3
201,m472,DAT,superficial,DAT superficial,somas,pre,22,0.9249894022941589,3
201,m472,DAT,superficial,DAT superficial,somas,pre,30,0.18106220662593842,3
201,m472,DAT,superficial,DAT superficial,somas,pre,31,0.8190968036651611,7
201,m472,DAT,superficial,DAT superficial,somas,pre,32,0.9086679220199585,4
201,m472,DAT,superficial,DAT superficial,somas,pre,39,0.7879491448402405,6
201,m472,DAT,superficial,DAT superficial,somas,pre,40,0.7990106344223022,5
201,m472,DAT,superficial,DAT superficial,processes,post,1,0.7329232692718506,5
201,m472,DAT,superficial,DAT superficial,processes,post,2,0.8284544348716736,4
201,m472,DAT,superficial,DAT superficial,processes,post,3,0.7881509065628052,4
201,m472,DAT,superficial,DAT superficial,processes,post,4,0.3754749298095703,5
201,m472,DAT,superficial,DAT superficial,processes,post,10,0.5988434553146362,7
201,m472,DAT,superficial,DAT superficial,processes,post,12,0.7541354894638062,3
201,m472,DAT,superficial,DAT superficial,processes,post,17,0.8796811699867249,3
201,m472,DAT,superficial,DAT superficial,processes,post,18,0.8495993614196777,6
201,m472,DAT,superficial,DAT superficial,processes,post,21,0.9263421297073364,3
201,m472,DAT,superficial,DAT superficial,processes,post,22,0.9058706760406494,6
201,m472,DAT,superficial,DAT superficial,processes,post,30,0.8528764843940735,4
201,m472,DAT,superficial,DAT superficial,processes,post,31,0.9339402914047241,6
201,m472,DAT,superficial,DAT superficial,processes,post,32,0.8942490816116333,7
201,m472,DAT,superficial,DAT superficial,processes,post,39,0.925359845161438,7
201,m472,DAT,superficial,DAT superficial,processes,post,40,0.8476355075836182,6
201,m472,DAT,superficial,DAT superficial,processes,pre,1,0.8973400592803955,6
201,m472,DAT,superficial,DAT superficial,processes,pre,3,0.8075987100601196,5
201,m472,DAT,superficial,DAT superficial,processes,pre,4,0.7794585227966309,8
201,m472,DAT,superficial,DAT superficial,processes,pre,10,-0.029085062444210052,4
201,m472,DAT,superficial,DAT superficial,processes,pre,12,0.818225622177124,5
201,m472,DAT,superficial,DAT superficial,processes,pre,17,0.7726923227310181,5
201,m472,DAT,superficial,DAT superficial,processes,pre,18,-0.09077563136816025,2
201,m472,DAT,superficial,DAT superficial,processes,pre,21,0.8347646594047546,3
201,m472,DAT,superficial,DAT superficial,processes,pre,22,0.9433451890945435,3
201,m472,DAT,superficial,DAT superficial,processes,pre,30,0.1644425094127655,3
201,m472,DAT,superficial,DAT superficial,processes,pre,31,0.8441556692123413,7
201,m472,DAT,superficial,DAT superficial,processes,pre,32,0.9085323214530945,4
201,m472,DAT,superficial,DAT superficial,processes,pre,39,0.7481539845466614,6
201,m472,DAT,superficial,DAT superficial,processes,pre,40,0.7850205898284912,5
202,m496,DAT,superficial,DAT superficial,somas,post,1,0.8950923681259155,4
202,m496,DAT,superficial,DAT superficial,somas,post,2,0.7814045548439026,5
202,m496,DAT,superficial,DAT superficial,somas,post,3,0.8298166394233704,5
202,m496,DAT,superficial,DAT superficial,somas,post,4,0.942674994468689,4
202,m496,DAT,superficial,DAT superficial,somas,post,10,0.9390863180160522,5
202,m496,DAT,superficial,DAT superficial,somas,post,12,0.8751815557479858,7
202,m496,DAT,superficial,DAT superficial,somas,post,17,0.8574680089950562,8
202,m496,DAT,superficial,DAT superficial,somas,post,18,0.8683245778083801,5
202,m496,DAT,superficial,DAT superficial,somas,post,21,0.9246947169303894,5
202,m496,DAT,superficial,DAT superficial,somas,post,22,0.9767553806304932,7
202,m496,DAT,superficial,DAT superficial,somas,post,30,0.9743502736091614,6
202,m496,DAT,superficial,DAT superficial,somas,post,31,0.9366737008094788,2
202,m496,DAT,superficial,DAT superficial,somas,post,32,0.9290437698364258,4
202,m496,DAT,superficial,DAT superficial,somas,post,39,0.7106224894523621,4
202,m496,DAT,superficial,DAT superficial,somas,post,40,0.8985271453857422,5
202,m496,DAT,superficial,DAT superficial,somas,pre,1,0.9026902318000793,4
202,m496,DAT,superficial,DAT superficial,somas,pre,2,0.5244100093841553,4
202,m496,DAT,superficial,DAT superficial,somas,pre,3,0.866249680519104,4
202,m496,DAT,superficial,DAT superficial,somas,pre,4,0.8745104670524597,5
202,m496,DAT,superficial,DAT superficial,somas,pre,10,0.8100367784500122,5
202,m496,DAT,superficial,DAT superficial,somas,pre,12,0.8683233857154846,5
202,m496,DAT,superficial,DAT superficial,somas,pre,17,0.8283752202987671,6
202,m496,DAT,superficial,DAT superficial,somas,pre,18,0.9069361686706543,6
202,m496,DAT,superficial,DAT superficial,somas,pre,21,0.9766587615013123,6
202,m496,DAT,superficial,DAT superficial,somas,pre,22,0.9744963645935059,6
202,m496,DAT,superficial,DAT superficial,somas,pre,30,0.8971719145774841,2
202,m496,DAT,superficial,DAT superficial,somas,pre,31,0.9847877025604248,7
202,m496,DAT,superficial,DAT superficial,somas,pre,32,0.9763439297676086,6
202,m496,DAT,superficial,DAT superficial,somas,pre,39,0.8173929452896118,5
202,m496,DAT,superficial,DAT superficial,somas,pre,40,0.4693050682544708,3
202,m496,DAT,superficial,DAT superficial,processes,post,1,0.9243324398994446,4
202,m496,DAT,superficial,DAT superficial,processes,post,2,0.8685262203216553,5
202,m496,DAT,superficial,DAT superficial,processes,post,3,0.842498242855072,5
202,m496,DAT,superficial,DAT superficial,processes,post,4,0.9694424867630005,4
202,m496,DAT,superficial,DAT superficial,processes,post,10,0.9623007774353027,5
202,m496,DAT,superficial,DAT superficial,processes,post,12,0.9482800364494324,7
202,m496,DAT,superficial,DAT superficial,processes,post,17,0.8822993040084839,8
202,m496,DAT,superficial,DAT superficial,processes,post,18,0.8985744118690491,5
202,m496,DAT,superficial,DAT superficial,processes,post,21,0.9422752261161804,5
202,m496,DAT,superficial,DAT superficial,processes,post,22,0.9820851683616638,7
202,m496,DAT,superficial,DAT superficial,processes,post,30,0.9759058356285095,6
202,m496,DAT,superficial,DAT superficial,processes,post,31,0.9617387056350708,2
202,m496,DAT,superficial,DAT superficial,processes,post,32,0.9295222163200378,4
202,m496,DAT,superficial,DAT superficial,processes,post,39,0.7897359132766724,4
202,m496,DAT,superficial,DAT superficial,processes,post,40,0.9357157349586487,5
202,m496,DAT,superficial,DAT superficial,processes,pre,1,0.968056321144104,4
202,m496,DAT,superficial,DAT superficial,processes,pre,2,0.6778486371040344,4
202,m496,DAT,superficial,DAT superficial,processes,pre,3,0.9232355952262878,4
202,m496,DAT,superficial,DAT superficial,processes,pre,4,0.9342550039291382,5
202,m496,DAT,superficial,DAT superficial,processes,pre,10,0.8871301412582397,5
202,m496,DAT,superficial,DAT superficial,processes,pre,12,0.9410660266876221,5
202,m496,DAT,superficial,DAT superficial,processes,pre,17,0.8584985136985779,6
202,m496,DAT,superficial,DAT superficial,processes,pre,18,0.9050796627998352,6
202,m496,DAT,superficial,DAT superficial,processes,pre,21,0.9850904941558838,6
202,m496,DAT,superficial,DAT superficial,processes,pre,22,0.9832708835601807,6
202,m496,DAT,superficial,DAT superficial,processes,pre,30,0.9333068132400513,2
202,m496,DAT,superficial,DAT superficial,processes,pre,31,0.991380512714386,7
202,m496,DAT,superficial,DAT superficial,processes,pre,32,0.9859157204627991,6
202,m496,DAT,superficial,DAT superficial,processes,pre,39,0.8003995418548584,5
202,m496,DAT,superficial,DAT superficial,processes,pre,40,0.6860252618789673,3
203,m462,TH,deep,TH deep,somas,post,1,0.730816662311554,9
203,m462,TH,deep,TH deep,somas,post,2,0.8167059421539307,8
203,m462,TH,deep,TH deep,somas,post,3,0.6486925482749939,4
203,m462,TH,deep,TH deep,somas,post,4,0.00290569756180048,2
203,m462,TH,deep,TH deep,somas,post,10,0.24823501706123352,6
203,m462,TH,deep,TH deep,somas,post,12,0.6168190240859985,5
203,m462,TH,deep,TH deep,somas,post,17,0.6621496677398682,6
203,m462,TH,deep,TH deep,somas,post,18,0.7603942155838013,7
203,m462,TH,deep,TH deep,somas,post,21,0.9785301685333252,6
203,m462,TH,deep,TH deep,somas,post,22,0.7209551334381104,5
203,m462,TH,deep,TH deep,somas,post,30,0.788530707359314,5
203,m462,TH,deep,TH deep,somas,post,31,0.749178946018219,3
203,m462,TH,deep,TH deep,somas,post,32,0.7646889090538025,3
203,m462,TH,deep,TH deep,somas,post,39,0.794167160987854,5
203,m462,TH,deep,TH deep,somas,post,40,0.6722846031188965,3
203,m462,TH,deep,TH deep,somas,pre,1,0.8813771605491638,4
203,m462,TH,deep,TH deep,somas,pre,2,0.6743664741516113,3
203,m462,TH,deep,TH deep,somas,pre,3,0.9053877592086792,6
203,m462,TH,deep,TH deep,somas,pre,4,0.8581656813621521,6
203,m462,TH,deep,TH deep,somas,pre,10,0.8102925419807434,7
203,m462,TH,deep,TH deep,somas,pre,12,0.8460280895233154,7
203,m462,TH,deep,TH deep,somas,pre,17,0.6746455430984497,6
203,m462,TH,deep,TH deep,somas,pre,18,0.8081387281417847,5
203,m462,TH,deep,TH deep,somas,pre,21,0.9664665460586548,4
203,m462,TH,deep,TH deep,somas,pre,30,0.9842556715011597,7
203,m462,TH,deep,TH deep,somas,pre,31,0.9799004793167114,6
203,m462,TH,deep,TH deep,somas,pre,32,0.9618469476699829,3
203,m462,TH,deep,TH deep,somas,pre,39,0.6162136197090149,2
203,m462,TH,deep,TH deep,somas,pre,40,0.7907851934432983,5
203,m462,TH,deep,TH deep,processes,post,1,0.7273476123809814,9
203,m462,TH,deep,TH deep,processes,post,2,0.9113680124282837,8
203,m462,TH,deep,TH deep,processes,post,3,0.8287968635559082,4
203,m462,TH,deep,TH deep,processes,post,4,0.22307829558849335,2
203,m462,TH,deep,TH deep,processes,post,10,0.13872097432613373,6
203,m462,TH,deep,TH deep,processes,post,12,0.7017645835876465,5
203,m462,TH,deep,TH deep,processes,post,17,0.8793864250183105,6
203,m462,TH,deep,TH deep,processes,post,18,0.8822177052497864,7
203,m462,TH,deep,TH deep,processes,post,21,0.9849706888198853,6
203,m462,TH,deep,TH deep,processes,post,22,0.8785501718521118,5
203,m462,TH,deep,TH deep,processes,post,30,0.902380108833313,5
203,m462,TH,deep,TH deep,processes,post,31,0.8637791275978088,3
203,m462,TH,deep,TH deep,processes,post,32,0.8735410571098328,3
203,m462,TH,deep,TH deep,processes,post,39,0.8317700028419495,5
203,m462,TH,deep,TH deep,processes,post,40,0.7470489144325256,3
203,m462,TH,deep,TH deep,processes,pre,1,0.90336012840271,4
203,m462,TH,deep,TH deep,processes,pre,2,0.7724891901016235,3
203,m462,TH,deep,TH deep,processes,pre,3,0.9374300241470337,6
203,m462,TH,deep,TH deep,processes,pre,4,0.8017569780349731,6
203,m462,TH,deep,TH deep,processes,pre,10,0.8497445583343506,7
203,m462,TH,deep,TH deep,processes,pre,12,0.9198430776596069,7
203,m462,TH,deep,TH deep,processes,pre,17,0.8053873777389526,6
203,m462,TH,deep,TH deep,processes,pre,18,0.8859151005744934,5
203,m462,TH,deep,TH deep,processes,pre,21,0.966223418712616,4
203,m462,TH,deep,TH deep,processes,pre,30,0.9850141406059265,7
203,m462,TH,deep,TH deep,processes,pre,31,0.9826228022575378,6
203,m462,TH,deep,TH deep,processes,pre,32,0.9812783598899841,3
203,m462,TH,deep,TH deep,processes,pre,39,0.6381568908691406,2
203,m462,TH,deep,TH deep,processes,pre,40,0.8309015035629272,5
204,m465,TH,deep,TH deep,somas,post,1,0.5440593957901001,6
204,m465,TH,deep,TH deep,somas,post,2,0.6476521492004395,7
204,m465,TH,deep,TH deep,somas,post,3,0.06285498291254044,10
204,m465,TH,deep,TH deep,somas,post,4,-0.1968410164117813,3
204,m465,TH,deep,TH deep,somas,post,10,0.348590224981308,4
204,m465,TH,deep,TH deep,somas,post,12,-0.006660458631813526,7
204,m465,TH,deep,TH deep,somas,post,17,0.7141497731208801,6
204,m465,TH,deep,TH deep,somas,post,18,0.6015082001686096,4
204,m465,TH,deep,TH deep,somas,post,21,-0.06607791036367416,2
204,m465,TH,deep,TH deep,somas,post,22,0.6586523056030273,6
204,m465,TH,deep,TH deep,somas,post,30,0.36872541904449463,6
204,m465,TH,deep,TH deep,somas,post,31,-0.3890232443809509,2
204,m465,TH,deep,TH deep,somas,post,32,0.04027935490012169,6
204,m465,TH,deep,TH deep,somas,post,39,0.1219511330127716,6
204,m465,TH,deep,TH deep,somas,post,40,0.2662225365638733,2
204,m465,TH,deep,TH deep,somas,pre,1,0.571979284286499,5
204,m465,TH,deep,TH deep,somas,pre,2,-0.22647565603256226,5
204,m465,TH,deep,TH deep,somas,pre,4,-0.40439507365226746,4
204,m465,TH,deep,TH deep,somas,pre,10,0.06206272169947624,6
204,m465,TH,deep,TH deep,somas,pre,12,0.6674390435218811,8
204,m465,TH,deep,TH deep,somas,pre,17,0.09341175854206085,8
204,m465,TH,deep,TH deep,somas,pre,18,-0.4356042146682739,6
204,m465,TH,deep,TH deep,somas,pre,21,0.044321201741695404,7
204,m465,TH,deep,TH deep,somas,pre,22,0.3796035945415497,8
204,m465,TH,deep,TH deep,somas,pre,30,-0.11873027682304382,2
204,m465,TH,deep,TH deep,somas,pre,31,0.19826239347457886,4
204,m465,TH,deep,TH deep,somas,pre,32,-0.20686806738376617,2
204,m465,TH,deep,TH deep,somas,pre,39,-0.6119033694267273,4
204,m465,TH,deep,TH deep,somas,pre,40,-0.010201117023825645,3
204,m465,TH,deep,TH deep,processes,post,1,0.21234939992427826,6
204,m465,TH,deep,TH deep,processes,post,2,0.3662235736846924,7
204,m465,TH,deep,TH deep,processes,post,3,0.13877984881401062,10
204,m465,TH,deep,TH deep,processes,post,4,-0.6895608305931091,3
204,m465,TH,deep,TH deep,processes,post,10,0.07407631725072861,4
204,m465,TH,deep,TH deep,processes,post,12,-0.08626855164766312,7
204,m465,TH,deep,TH deep,processes,post,17,0.31319037079811096,6
204,m465,TH,deep,TH deep,processes,post,18,0.18316681683063507,4
204,m465,TH,deep,TH deep,processes,post,21,0.2314150035381317,2
204,m465,TH,deep,TH deep,processes,post,22,0.6729249954223633,6
204,m465,TH,deep,TH deep,processes,post,30,-0.108378566801548,6
204,m465,TH,deep,TH deep,processes,post,31,-0.04016018286347389,2
204,m465,TH,deep,TH deep,processes,post,32,-0.0022391919046640396,6
204,m465,TH,deep,TH deep,processes,post,39,0.032353151589632034,6
204,m465,TH,deep,TH deep,processes,post,40,0.10553400963544846,2
204,m465,TH,deep,TH deep,processes,pre,1,0.14729590713977814,5
204,m465,TH,deep,TH deep,processes,pre,2,-0.10397972911596298,5
204,m465,TH,deep,TH deep,processes,pre,4,-0.3016476631164551,4
204,m465,TH,deep,TH deep,processes,pre,10,0.04519563913345337,6
204,m465,TH,deep,TH deep,processes,pre,12,0.3312031030654907,8
204,m465,TH,deep,TH deep,processes,pre,17,-0.22772759199142456,8
204,m465,TH,deep,TH deep,processes,pre,18,-0.1029122918844223,6
204,m465,TH,deep,TH deep,processes,pre,21,0.20686818659305573,7
204,m465,TH,deep,TH deep,processes,pre,22,0.31335610151290894,8
204,m465,TH,deep,TH deep,processes,pre,30,-0.2613452672958374,2
204,m465,TH,deep,TH deep,processes,pre,31,0.024518515914678574,4
204,m465,TH,deep,TH deep,processes,pre,32,-0.0038726471830159426,2
204,m465,TH,deep,TH deep,processes,pre,39,-0.3332652747631073,4
204,m465,TH,deep,TH deep,processes,pre,40,0.2596827745437622,3
238,m466,TH,deep,TH deep,somas,post,1,0.6233595609664917,5
238,m466,TH,deep,TH deep,somas,post,2,0.8164005279541016,5
238,m466,TH,deep,TH deep,somas,post,3,0.613237738609314,5
238,m466,TH,deep,TH deep,somas,post,4,0.6579147577285767,3
238,m466,TH,deep,TH deep,somas,post,10,0.688563883304596,9
238,m466,TH,deep,TH deep,somas,post,12,0.8980969786643982,5
238,m466,TH,deep,TH deep,somas,post,17,0.8072023391723633,3
238,m466,TH,deep,TH deep,somas,post,18,0.8906484842300415,4
238,m466,TH,deep,TH deep,somas,post,21,0.7095389366149902,7
238,m466,TH,deep,TH deep,somas,post,22,0.950959324836731,8
238,m466,TH,deep,TH deep,somas,post,30,0.7324399352073669,4
238,m466,TH,deep,TH deep,somas,post,31,0.8833064436912537,4
238,m466,TH,deep,TH deep,somas,post,32,0.7237006425857544,3
238,m466,TH,deep,TH deep,somas,post,39,0.6316339373588562,3
238,m466,TH,deep,TH deep,somas,post,40,0.7528413534164429,5
238,m466,TH,deep,TH deep,somas,pre,1,0.7294894456863403,4
238,m466,TH,deep,TH deep,somas,pre,2,0.8116633296012878,3
238,m466,TH,deep,TH deep,somas,pre,3,0.6620184183120728,3
238,m466,TH,deep,TH deep,somas,pre,4,0.32774558663368225,6
238,m466,TH,deep,TH deep,somas,pre,10,0.45993340015411377,4
238,m466,TH,deep,TH deep,somas,pre,17,0.4872323274612427,3
238,m466,TH,deep,TH deep,somas,pre,18,0.8004481196403503,2
238,m466,TH,deep,TH deep,somas,pre,21,0.8805166482925415,7
238,m466,TH,deep,TH deep,somas,pre,22,0.40995466709136963,3
238,m466,TH,deep,TH deep,somas,pre,30,0.48330309987068176,3
238,m466,TH,deep,TH deep,somas,pre,31,0.6760684251785278,2
238,m466,TH,deep,TH deep,somas,pre,32,0.2677217423915863,2
238,m466,TH,deep,TH deep,somas,pre,39,0.8739235401153564,5
238,m466,TH,deep,TH deep,somas,pre,40,0.7255197763442993,5
238,m466,TH,deep,TH deep,processes,post,1,0.8007106184959412,5
238,m466,TH,deep,TH deep,processes,post,2,0.7898377776145935,5
238,m466,TH,deep,TH deep,processes,post,3,0.6486648321151733,5
238,m466,TH,deep,TH deep,processes,post,4,0.650189995765686,3
238,m466,TH,deep,TH deep,processes,post,10,0.8405344486236572,9
238,m466,TH,deep,TH deep,processes,post,12,0.8077412247657776,5
238,m466,TH,deep,TH deep,processes,post,17,0.8722582459449768,3
238,m466,TH,deep,TH deep,processes,post,18,0.8622340559959412,4
238,m466,TH,deep,TH deep,processes,post,21,0.8483325242996216,7
238,m466,TH,deep,TH deep,processes,post,22,0.9488714933395386,8
238,m466,TH,deep,TH deep,processes,post,30,0.8614956140518188,4
238,m466,TH,deep,TH deep,processes,post,31,0.9396547079086304,4
238,m466,TH,deep,TH deep,processes,post,32,0.8572455644607544,3
238,m466,TH,deep,TH deep,processes,post,39,0.7487108707427979,3
238,m466,TH,deep,TH deep,processes,post,40,0.4898394048213959,5
238,m466,TH,deep,TH deep,processes,pre,1,0.7433931231498718,4
238,m466,TH,deep,TH deep,processes,pre,2,0.8885552883148193,3
238,m466,TH,deep,TH deep,processes,pre,3,0.7570062279701233,3
238,m466,TH,deep,TH deep,processes,pre,4,0.5711166262626648,6
238,m466,TH,deep,TH deep,processes,pre,10,0.5520010590553284,4
238,m466,TH,deep,TH deep,processes,pre,17,0.40971246361732483,3
238,m466,TH,deep,TH deep,processes,pre,18,0.6430957317352295,2
238,m466,TH,deep,TH deep,processes,pre,21,0.841452956199646,7
238,m466,TH,deep,TH deep,processes,pre,22,0.6757867336273193,3
238,m466,TH,deep,TH deep,processes,pre,30,0.611907422542572,3
238,m466,TH,deep,TH deep,processes,pre,31,0.6073601245880127,2
238,m466,TH,deep,TH deep,processes,pre,32,0.6333224773406982,2
238,m466,TH,deep,TH deep,processes,pre,39,0.9001295566558838,5
238,m466,TH,deep,TH deep,processes,pre,40,0.79538893699646,5
225,m357,TH,superficial,TH superficial,somas,post,1,0.25583767890930176,10
225,m357,TH,superficial,TH superficial,somas,post,2,0.7295915484428406,3
225,m357,TH,superficial,TH superficial,somas,post,3,-0.029788339510560036,5
225,m357,TH,superficial,TH superficial,somas,post,4,0.4095785617828369,2
225,m357,TH,superficial,TH superficial,somas,post,10,0.2413519322872162,6
225,m357,TH,superficial,TH superficial,somas,post,12,0.1533944010734558,2
225,m357,TH,superficial,TH superficial,somas,post,17,0.537065863609314,3
225,m357,TH,superficial,TH superficial,somas,post,18,0.826429545879364,9
225,m357,TH,superficial,TH superficial,somas,post,21,0.49985846877098083,6
225,m357,TH,superficial,TH superficial,somas,post,22,0.08194120228290558,3
225,m357,TH,superficial,TH superficial,somas,post,30,0.4061189293861389,6
225,m357,TH,superficial,TH superficial,somas,post,31,0.6900019645690918,7
225,m357,TH,superficial,TH superficial,somas,post,32,0.4707338511943817,6
225,m357,TH,superficial,TH superficial,somas,post,39,0.6017762422561646,5
225,m357,TH,superficial,TH superficial,somas,post,40,0.5831555128097534,5
225,m357,TH,superficial,TH superficial,somas,pre,1,0.3109360933303833,2
225,m357,TH,superficial,TH superficial,somas,pre,2,0.8643340468406677,2
225,m357,TH,superficial,TH superficial,somas,pre,3,0.8636176586151123,5
225,m357,TH,superficial,TH superficial,somas,pre,4,0.6766250133514404,4
225,m357,TH,superficial,TH superficial,somas,pre,10,0.919508159160614,5
225,m357,TH,superficial,TH superficial,somas,pre,17,0.9498246908187866,5
225,m357,TH,superficial,TH superficial,somas,pre,18,0.9556095004081726,4
225,m357,TH,superficial,TH superficial,somas,pre,21,0.6953945755958557,6
225,m357,TH,superficial,TH superficial,somas,pre,22,0.7231696844100952,5
225,m357,TH,superficial,TH superficial,somas,pre,30,0.8146823644638062,4
225,m357,TH,superficial,TH superficial,somas,pre,31,0.8845000863075256,4
225,m357,TH,superficial,TH superficial,somas,pre,32,0.8532768487930298,6
225,m357,TH,superficial,TH superficial,somas,pre,39,0.8917644023895264,3
225,m357,TH,superficial,TH superficial,somas,pre,40,0.7123910784721375,3
225,m357,TH,superficial,TH superficial,processes,post,1,0.29199114441871643,10
225,m357,TH,superficial,TH superficial,processes,post,2,0.6025773882865906,3
225,m357,TH,superficial,TH superficial,processes,post,3,-0.10910985618829727,5
225,m357,TH,superficial,TH superficial,processes,post,4,0.2443152368068695,2
225,m357,TH,superficial,TH superficial,processes,post,10,0.09998483955860138,6
225,m357,TH,superficial,TH superficial,processes,post,12,0.05662500113248825,2
225,m357,TH,superficial,TH superficial,processes,post,17,0.4398254454135895,3
225,m357,TH,superficial,TH superficial,processes,post,18,0.7961835265159607,9
225,m357,TH,superficial,TH superficial,processes,post,21,0.5944948792457581,6
225,m357,TH,superficial,TH superficial,processes,post,22,0.07355023175477982,3
225,m357,TH,superficial,TH superficial,processes,post,30,0.39685672521591187,6
225,m357,TH,superficial,TH superficial,processes,post,31,0.7497203350067139,7
225,m357,TH,superficial,TH superficial,processes,post,32,0.4243348240852356,6
225,m357,TH,superficial,TH superficial,processes,post,39,0.5921162366867065,5
225,m357,TH,superficial,TH superficial,processes,post,40,0.41507425904273987,5
225,m357,TH,superficial,TH superficial,processes,pre,1,0.06959208101034164,2
225,m357,TH,superficial,TH superficial,processes,pre,2,0.6451270580291748,2
225,m357,TH,superficial,TH superficial,processes,pre,3,0.7883226275444031,5
225,m357,TH,superficial,TH superficial,processes,pre,4,0.4187467098236084,4
225,m357,TH,superficial,TH superficial,processes,pre,10,0.7300761938095093,5
225,m357,TH,superficial,TH superficial,processes,pre,17,0.8548286557197571,5
225,m357,TH,superficial,TH superficial,processes,pre,18,0.8844918012619019,4
225,m357,TH,superficial,TH superficial,processes,pre,21,0.4763079285621643,6
225,m357,TH,superficial,TH superficial,processes,pre,22,0.6038665175437927,5
225,m357,TH,superficial,TH superficial,processes,pre,30,0.7294824123382568,4
225,m357,TH,superficial,TH superficial,processes,pre,31,0.8329157829284668,4
225,m357,TH,superficial,TH superficial,processes,pre,32,0.8503224849700928,6
225,m357,TH,superficial,TH superficial,processes,pre,39,0.7809457182884216,3
225,m357,TH,superficial,TH superficial,processes,pre,40,0.6089804768562317,3
226,m465,TH,superficial,TH superficial,somas,post,1,0.37145236134529114,9
226,m465,TH,superficial,TH superficial,somas,post,2,0.8505479097366333,5
226,m465,TH,superficial,TH superficial,somas,post,3,0.8419283032417297,6
226,m465,TH,superficial,TH superficial,somas,post,4,0.6312889456748962,2
226,m465,TH,superficial,TH superficial,somas,post,10,0.8135513663291931,4
226,m465,TH,superficial,TH superficial,somas,post,12,0.7709152698516846,4
226,m465,TH,superficial,TH superficial,somas,post,17,0.8275967836380005,7
226,m465,TH,superficial,TH superficial,somas,post,18,0.5278445482254028,3
226,m465,TH,superficial,TH superficial,somas,post,21,0.9824234247207642,8
226,m465,TH,superficial,TH superficial,somas,post,22,0.8562825322151184,3
226,m465,TH,superficial,TH superficial,somas,post,30,0.9412123560905457,3
226,m465,TH,superficial,TH superficial,somas,post,31,0.7980622053146362,4
226,m465,TH,superficial,TH superficial,somas,post,32,0.9567010998725891,7
226,m465,TH,superficial,TH superficial,somas,post,39,0.8848864436149597,4
226,m465,TH,superficial,TH superficial,somas,post,40,0.9274052977561951,6
226,m465,TH,superficial,TH superficial,somas,pre,1,0.7070556879043579,6
226,m465,TH,superficial,TH superficial,somas,pre,3,0.8711471557617188,9
226,m465,TH,superficial,TH superficial,somas,pre,4,0.522720992565155,2
226,m465,TH,superficial,TH superficial,somas,pre,10,0.3416423797607422,6
226,m465,TH,superficial,TH superficial,somas,pre,12,0.6417240500450134,6
226,m465,TH,superficial,TH superficial,somas,pre,17,0.5787656903266907,2
226,m465,TH,superficial,TH superficial,somas,pre,21,0.7597694396972656,4
226,m465,TH,superficial,TH superficial,somas,pre,30,0.9643882513046265,4
226,m465,TH,superficial,TH superficial,somas,pre,31,0.9855377674102783,7
226,m465,TH,superficial,TH superficial,somas,pre,32,0.9834102392196655,7
226,m465,TH,superficial,TH superficial,processes,post,1,0.4822533130645752,9
226,m465,TH,superficial,TH superficial,processes,post,2,0.9041789770126343,5
226,m465,TH,superficial,TH superficial,processes,post,3,0.8899729251861572,6
226,m465,TH,superficial,TH superficial,processes,post,4,0.7787868976593018,2
226,m465,TH,superficial,TH superficial,processes,post,10,0.8473058342933655,4
226,m465,TH,superficial,TH superficial,processes,post,12,0.8109316825866699,4
226,m465,TH,superficial,TH superficial,processes,post,17,0.897193193435669,7
226,m465,TH,superficial,TH superficial,processes,post,18,0.750125527381897,3
226,m465,TH,superficial,TH superficial,processes,post,21,0.9905312061309814,8
226,m465,TH,superficial,TH superficial,processes,post,22,0.8994331359863281,3
226,m465,TH,superficial,TH superficial,processes,post,30,0.965701699256897,3
226,m465,TH,superficial,TH superficial,processes,post,31,0.9076777696609497,4
226,m465,TH,superficial,TH superficial,processes,post,32,0.9732427597045898,7
226,m465,TH,superficial,TH superficial,processes,post,39,0.8941172361373901,4
226,m465,TH,superficial,TH superficial,processes,post,40,0.9099979996681213,6
226,m465,TH,superficial,TH superficial,processes,pre,1,0.7636905908584595,6
226,m465,TH,superficial,TH superficial,processes,pre,3,0.7744718790054321,9
226,m465,TH,superficial,TH superficial,processes,pre,4,0.547015368938446,2
226,m465,TH,superficial,TH superficial,processes,pre,10,0.4513022005558014,6
226,m465,TH,superficial,TH superficial,processes,pre,12,0.5937243700027466,6
226,m465,TH,superficial,TH superficial,processes,pre,17,0.8452460169792175,2
226,m465,TH,superficial,TH superficial,processes,pre,21,0.7821028232574463,4
226,m465,TH,superficial,TH superficial,processes,pre,30,0.9728900790214539,4
226,m465,TH,superficial,TH superficial,processes,pre,31,0.9871598482131958,7
226,m465,TH,superficial,TH superficial,processes,pre,32,0.9800399541854858,7
227,m496,DAT,superficial,DAT superficial,somas,post,1,-0.02013196423649788,9
227,m496,DAT,superficial,DAT superficial,somas,post,2,0.9315757155418396,5
227,m496,DAT,superficial,DAT superficial,somas,post,3,0.4363996982574463,8
227,m496,DAT,superficial,DAT superficial,somas,post,4,0.39041000604629517,7
227,m496,DAT,superficial,DAT superficial,somas,post,10,0.387114554643631,5
227,m496,DAT,superficial,DAT superficial,somas,post,12,0.5866470336914062,6
227,m496,DAT,superficial,DAT superficial,somas,post,17,0.5805020332336426,3
227,m496,DAT,superficial,DAT superficial,somas,post,18,0.6368638873100281,4
227,m496,DAT,superficial,DAT superficial,somas,post,21,0.9599013328552246,4
227,m496,DAT,superficial,DAT superficial,somas,post,22,0.3686726689338684,5
227,m496,DAT,superficial,DAT superficial,somas,post,30,0.7362948060035706,6
227,m496,DAT,superficial,DAT superficial,somas,post,31,0.8642563819885254,5
227,m496,DAT,superficial,DAT superficial,somas,post,32,0.6266400218009949,4
227,m496,DAT,superficial,DAT superficial,somas,post,39,0.5413335561752319,3
227,m496,DAT,superficial,DAT superficial,somas,post,40,0.16381636261940002,3
227,m496,DAT,superficial,DAT superficial,somas,pre,1,0.5175183415412903,2
227,m496,DAT,superficial,DAT superficial,somas,pre,2,0.8915467262268066,3
227,m496,DAT,superficial,DAT superficial,somas,pre,3,0.8271180391311646,3
227,m496,DAT,superficial,DAT superficial,somas,pre,4,0.8446647524833679,6
227,m496,DAT,superficial,DAT superficial,somas,pre,10,0.7590199708938599,7
227,m496,DAT,superficial,DAT superficial,somas,pre,12,0.4333738088607788,3
227,m496,DAT,superficial,DAT superficial,somas,pre,17,0.8428211808204651,6
227,m496,DAT,superficial,DAT superficial,somas,pre,21,0.9215681552886963,7
227,m496,DAT,superficial,DAT superficial,somas,pre,22,0.7760033011436462,4
227,m496,DAT,superficial,DAT superficial,somas,pre,31,0.9783200025558472,8
227,m496,DAT,superficial,DAT superficial,somas,pre,32,0.9566132426261902,4
227,m496,DAT,superficial,DAT superficial,somas,pre,39,0.9536368250846863,8
227,m496,DAT,superficial,DAT superficial,somas,pre,40,0.6944007277488708,6
227,m496,DAT,superficial,DAT superficial,processes,post,1,0.05590127781033516,9
227,m496,DAT,superficial,DAT superficial,processes,post,2,0.9818732142448425,5
227,m496,DAT,superficial,DAT superficial,processes,post,3,0.7127519249916077,8
227,m496,DAT,superficial,DAT superficial,processes,post,4,0.21256539225578308,7
227,m496,DAT,superficial,DAT superficial,processes,post,10,0.3635493516921997,5
227,m496,DAT,superficial,DAT superficial,processes,post,12,0.6717222929000854,6
227,m496,DAT,superficial,DAT superficial,processes,post,17,0.5703070759773254,3
227,m496,DAT,superficial,DAT superficial,processes,post,18,0.7747360467910767,4
227,m496,DAT,superficial,DAT superficial,processes,post,21,0.9666577577590942,4
227,m496,DAT,superficial,DAT superficial,processes,post,22,0.6008426547050476,5
227,m496,DAT,superficial,DAT superficial,processes,post,30,0.786968469619751,6
227,m496,DAT,superficial,DAT superficial,processes,post,31,0.9323822259902954,5
227,m496,DAT,superficial,DAT superficial,processes,post,32,0.7122911214828491,4
227,m496,DAT,superficial,DAT superficial,processes,post,39,0.6657000184059143,3
227,m496,DAT,superficial,DAT superficial,processes,post,40,-0.2393384873867035,3
227,m496,DAT,superficial,DAT superficial,processes,pre,1,0.2639046311378479,2
227,m496,DAT,superficial,DAT superficial,processes,pre,2,0.8320679068565369,3
227,m496,DAT,superficial,DAT superficial,processes,pre,3,0.691162645816803,3
227,m496,DAT,superficial,DAT superficial,processes,pre,4,0.8607679009437561,6
227,m496,DAT,superficial,DAT superficial,processes,pre,10,0.7369585633277893,7
227,m496,DAT,superficial,DAT superficial,processes,pre,12,0.49882134795188904,3
227,m496,DAT,superficial,DAT superficial,processes,pre,17,0.7733747959136963,6
227,m496,DAT,superficial,DAT superficial,processes,pre,21,0.9281191229820251,7
227,m496,DAT,superficial,DAT superficial,processes,pre,22,0.819766104221344,4
227,m496,DAT,superficial,DAT superficial,processes,pre,31,0.9758121967315674,8
227,m496,DAT,superficial,DAT superficial,processes,pre,32,0.9444530606269836,4
227,m496,DAT,superficial,DAT superficial,processes,pre,39,0.9200060367584229,8
227,m496,DAT,superficial,DAT superficial,processes,pre,40,0.7262516021728516,6
235,m466,TH,superficial,TH superficial,somas,post,1,0.13331706821918488,4
235,m466,TH,superficial,TH superficial,somas,post,2,0.3888883590698242,7
235,m466,TH,superficial,TH superficial,somas,post,3,-0.14056304097175598,5
235,m466,TH,superficial,TH superficial,somas,post,4,0.15043282508850098,7
235,m466,TH,superficial,TH superficial,somas,post,10,0.30194470286369324,6
235,m466,TH,superficial,TH superficial,somas,post,12,0.5864667296409607,6
235,m466,TH,superficial,TH superficial,somas,post,17,0.2512055039405823,2
235,m466,TH,superficial,TH superficial,somas,post,18,0.6135829091072083,5
235,m466,TH,superficial,TH superficial,somas,post,21,0.9548323750495911,5
235,m466,TH,superficial,TH superficial,somas,post,22,0.6140760183334351,6
235,m466,TH,superficial,TH superficial,somas,post,30,0.9098897576332092,7
235,m466,TH,superficial,TH superficial,somas,post,31,0.836280345916748,3
235,m466,TH,superficial,TH superficial,somas,post,32,0.9550982713699341,8
235,m466,TH,superficial,TH superficial,somas,post,39,0.5782933831214905,3
235,m466,TH,superficial,TH superficial,somas,post,40,0.3982446789741516,4
235,m466,TH,superficial,TH superficial,somas,pre,1,0.49182483553886414,5
235,m466,TH,superficial,TH superficial,somas,pre,2,0.9481499791145325,4
235,m466,TH,superficial,TH superficial,somas,pre,3,0.8738755583763123,3
235,m466,TH,superficial,TH superficial,somas,pre,4,0.8600491285324097,9
235,m466,TH,superficial,TH superficial,somas,pre,10,0.710372269153595,4
235,m466,TH,superficial,TH superficial,somas,pre,12,-0.09702222049236298,3
235,m466,TH,superficial,TH superficial,somas,pre,17,0.8122092485427856,4
235,m466,TH,superficial,TH superficial,somas,pre,18,0.6755678057670593,5
235,m466,TH,superficial,TH superficial,somas,pre,21,0.9278604984283447,5
235,m466,TH,superficial,TH superficial,somas,pre,22,0.8903068900108337,7
235,m466,TH,superficial,TH superficial,somas,pre,30,0.9224749803543091,7
235,m466,TH,superficial,TH superficial,somas,pre,31,0.9070670008659363,5
235,m466,TH,superficial,TH superficial,somas,pre,32,0.935916006565094,4
235,m466,TH,superficial,TH superficial,somas,pre,39,0.9044051170349121,3
235,m466,TH,superficial,TH superficial,somas,pre,40,0.9057298898696899,5
235,m466,TH,superficial,TH superficial,processes,post,1,0.2161453515291214,4
235,m466,TH,superficial,TH superficial,processes,post,2,0.8780131936073303,7
235,m466,TH,superficial,TH superficial,processes,post,3,0.10644607990980148,5
235,m466,TH,superficial,TH superficial,processes,post,4,0.35616016387939453,7
235,m466,TH,superficial,TH superficial,processes,post,10,0.3555018901824951,6
235,m466,TH,superficial,TH superficial,processes,post,12,0.6303960084915161,6
235,m466,TH,superficial,TH superficial,processes,post,17,0.49558866024017334,2
235,m466,TH,superficial,TH superficial,processes,post,18,0.7482817769050598,5
235,m466,TH,superficial,TH superficial,processes,post,21,0.9460248947143555,5
235,m466,TH,superficial,TH superficial,processes,post,22,0.4967135787010193,6
235,m466,TH,superficial,TH superficial,processes,post,30,0.8758821487426758,7
235,m466,TH,superficial,TH superficial,processes,post,31,0.7726673483848572,3
235,m466,TH,superficial,TH superficial,processes,post,32,0.917572021484375,8
235,m466,TH,superficial,TH superficial,processes,post,39,0.6434427499771118,3
235,m466,TH,superficial,TH superficial,processes,post,40,0.5989280343055725,4
235,m466,TH,superficial,TH superficial,processes,pre,1,0.6156581044197083,5
235,m466,TH,superficial,TH superficial,processes,pre,2,0.8977829813957214,4
235,m466,TH,superficial,TH superficial,processes,pre,3,0.8091230988502502,3
235,m466,TH,superficial,TH superficial,processes,pre,4,0.8533209562301636,9
235,m466,TH,superficial,TH superficial,processes,pre,10,0.766518235206604,4
235,m466,TH,superficial,TH superficial,processes,pre,12,0.2522938549518585,3
235,m466,TH,superficial,TH superficial,processes,pre,17,0.792891263961792,4
235,m466,TH,superficial,TH superficial,processes,pre,18,0.7483304142951965,5
235,m466,TH,superficial,TH superficial,processes,pre,21,0.9058176875114441,5
235,m466,TH,superficial,TH superficial,processes,pre,22,0.9069286584854126,7
235,m466,TH,superficial,TH superficial,processes,pre,30,0.9299160838127136,7
235,m466,TH,superficial,TH superficial,processes,pre,31,0.9376962184906006,5
235,m466,TH,superficial,TH superficial,processes,pre,32,0.9243279695510864,4
235,m466,TH,superficial,TH superficial,processes,pre,39,0.8490756154060364,3
235,m466,TH,superficial,TH superficial,processes,pre,40,0.8837343454360962,5
236,m496,DAT,superficial,DAT superficial,somas,post,1,0.13674449920654297,9
236,m496,DAT,superficial,DAT superficial,somas,post,2,0.16027803719043732,3
236,m496,DAT,superficial,DAT superficial,somas,post,3,0.45223480463027954,7
236,m496,DAT,superficial,DAT superficial,somas,post,4,0.021965963765978813,3
236,m496,DAT,superficial,DAT superficial,somas,post,10,0.11621744930744171,7
236,m496,DAT,superficial,DAT superficial,somas,post,12,0.1618054211139679,3
236,m496,DAT,superficial,DAT superficial,somas,post,17,0.6484384536743164,6
236,m496,DAT,superficial,DAT superficial,somas,post,18,0.4225935637950897,5
236,m496,DAT,superficial,DAT superficial,somas,post,21,0.7997781038284302,3
236,m496,DAT,superficial,DAT superficial,somas,post,31,0.4071337580680847,6
236,m496,DAT,superficial,DAT superficial,somas,post,32,0.5097163915634155,7
236,m496,DAT,superficial,DAT superficial,somas,post,39,0.37726742029190063,8
236,m496,DAT,superficial,DAT superficial,somas,post,40,0.2106856256723404,6
236,m496,DAT,superficial,DAT superficial,somas,pre,1,0.40529966354370117,9
236,m496,DAT,superficial,DAT superficial,somas,pre,2,0.3923913538455963,3
236,m496,DAT,superficial,DAT superficial,somas,pre,3,0.4245578348636627,9
236,m496,DAT,superficial,DAT superficial,somas,pre,4,0.1342276632785797,6
236,m496,DAT,superficial,DAT superficial,somas,pre,10,0.4851604998111725,5
236,m496,DAT,superficial,DAT superficial,somas,pre,12,0.33201733231544495,5
236,m496,DAT,superficial,DAT superficial,somas,pre,17,0.7375574111938477,7
236,m496,DAT,superficial,DAT superficial,somas,pre,18,0.29750871658325195,3
236,m496,DAT,superficial,DAT superficial,somas,pre,21,0.9506067633628845,4
236,m496,DAT,superficial,DAT superficial,somas,pre,22,0.5729920864105225,6
236,m496,DAT,superficial,DAT superficial,somas,pre,30,0.6466957926750183,5
236,m496,DAT,superficial,DAT superficial,somas,pre,32,0.8062996864318848,5
236,m496,DAT,superficial,DAT superficial,somas,pre,39,0.14481768012046814,3
236,m496,DAT,superficial,DAT superficial,somas,pre,40,0.3214403986930847,5
236,m496,DAT,superficial,DAT superficial,processes,post,1,0.23383785784244537,9
236,m496,DAT,superficial,DAT superficial,processes,post,2,0.19331593811511993,3
236,m496,DAT,superficial,DAT superficial,processes,post,3,0.32031911611557007,7
236,m496,DAT,superficial,DAT superficial,processes,post,4,0.13715346157550812,3
236,m496,DAT,superficial,DAT superficial,processes,post,10,0.035368647426366806,7
236,m496,DAT,superficial,DAT superficial,processes,post,12,0.15382789075374603,3
236,m496,DAT,superficial,DAT superficial,processes,post,17,0.30179134011268616,6
236,m496,DAT,superficial,DAT superficial,processes,post,18,0.44314566254615784,5
236,m496,DAT,superficial,DAT superficial,processes,post,21,0.8197377920150757,3
236,m496,DAT,superficial,DAT superficial,processes,post,31,0.3209139108657837,6
236,m496,DAT,superficial,DAT superficial,processes,post,32,0.49578559398651123,7
236,m496,DAT,superficial,DAT superficial,processes,post,39,0.43417632579803467,8
236,m496,DAT,superficial,DAT superficial,processes,post,40,0.14609169960021973,6
236,m496,DAT,superficial,DAT superficial,processes,pre,1,0.27720099687576294,9
236,m496,DAT,superficial,DAT superficial,processes,pre,2,0.34888893365859985,3
236,m496,DAT,superficial,DAT superficial,processes,pre,3,0.43644261360168457,9
236,m496,DAT,superficial,DAT superficial,processes,pre,4,0.2252282351255417,6
236,m496,DAT,superficial,DAT superficial,processes,pre,10,0.41811731457710266,5
236,m496,DAT,superficial,DAT superficial,processes,pre,12,0.315853476524353,5
236,m496,DAT,superficial,DAT superficial,processes,pre,17,0.6828241348266602,7
236,m496,DAT,superficial,DAT superficial,processes,pre,18,0.4128934144973755,3
236,m496,DAT,superficial,DAT superficial,processes,pre,21,0.9553335309028625,4
236,m496,DAT,superficial,DAT superficial,processes,pre,22,0.2957395911216736,6
236,m496,DAT,superficial,DAT superficial,processes,pre,30,0.7311611771583557,5
236,m496,DAT,superficial,DAT superficial,processes,pre,32,0.8157958388328552,5
236,m496,DAT,superficial,DAT superficial,processes,pre,39,0.25021010637283325,3
236,m496,DAT,superficial,DAT superficial,processes,pre,40,0.19451262056827545,5
244,m466,TH,superficial,TH superficial,somas,post,1,0.008274446241557598,2
244,m466,TH,superficial,TH superficial,somas,post,2,0.8683297634124756,4
244,m466,TH,superficial,TH superficial,somas,post,3,0.8794646263122559,3
244,m466,TH,superficial,TH superficial,somas,post,4,0.6348142027854919,4
244,m466,TH,superficial,TH superficial,somas,post,10,0.33194977045059204,2
244,m466,TH,superficial,TH superficial,somas,post,12,0.6682077050209045,2
244,m466,TH,superficial,TH superficial,somas,post,17,0.7541436553001404,3
244,m466,TH,superficial,TH superficial,somas,post,18,0.7807021737098694,2
244,m466,TH,superficial,TH superficial,somas,post,21,0.9661709666252136,2
244,m466,TH,superficial,TH superficial,somas,post,22,0.7546238303184509,2
244,m466,TH,superficial,TH superficial,somas,post,30,0.9346356987953186,5
244,m466,TH,superficial,TH superficial,somas,post,31,0.9588103890419006,4
244,m466,TH,superficial,TH superficial,somas,post,32,0.9468933939933777,2
244,m466,TH,superficial,TH superficial,somas,post,39,0.9408296346664429,2
244,m466,TH,superficial,TH superficial,somas,post,40,0.8846002221107483,3
244,m466,TH,superficial,TH superficial,somas,pre,1,0.814314067363739,7
244,m466,TH,superficial,TH superficial,somas,pre,2,0.8508700132369995,7
244,m466,TH,superficial,TH superficial,somas,pre,3,0.9345895051956177,7
244,m466,TH,superficial,TH superficial,somas,pre,4,0.9491066932678223,7
244,m466,TH,superficial,TH superficial,somas,pre,10,0.8809750080108643,7
244,m466,TH,superficial,TH superficial,somas,pre,12,0.9245237112045288,7
244,m466,TH,superficial,TH superficial,somas,pre,17,0.9273159503936768,7
244,m466,TH,superficial,TH superficial,somas,pre,18,0.9449623227119446,6
244,m466,TH,superficial,TH superficial,somas,pre,21,0.9523251056671143,7
244,m466,TH,superficial,TH superficial,somas,pre,22,0.9739689826965332,7
244,m466,TH,superficial,TH superficial,somas,pre,30,0.9803135395050049,7
244,m466,TH,superficial,TH superficial,somas,pre,31,0.9686625599861145,7
244,m466,TH,superficial,TH superficial,somas,pre,32,0.9784380793571472,7
244,m466,TH,superficial,TH superficial,somas,pre,39,0.9277502298355103,7
244,m466,TH,superficial,TH superficial,somas,pre,40,0.935598611831665,7
244,m466,TH,superficial,TH superficial,processes,post,1,0.09658912569284439,2
244,m466,TH,superficial,TH superficial,processes,post,2,0.8607403039932251,4
244,m466,TH,superficial,TH superficial,processes,post,3,0.886970579624176,3
244,m466,TH,superficial,TH superficial,processes,post,4,0.5932118892669678,4
244,m466,TH,superficial,TH superficial,processes,post,10,0.24788245558738708,2
244,m466,TH,superficial,TH superficial,processes,post,12,0.606263279914856,2
244,m466,TH,superficial,TH superficial,processes,post,17,0.8138184547424316,3
244,m466,TH,superficial,TH superficial,processes,post,18,0.8226877450942993,2
244,m466,TH,superficial,TH superficial,processes,post,21,0.9523767232894897,2
244,m466,TH,superficial,TH superficial,processes,post,22,0.8119592666625977,2
244,m466,TH,superficial,TH superficial,processes,post,30,0.9524704217910767,5
244,m466,TH,superficial,TH superficial,processes,post,31,0.9697777032852173,4
244,m466,TH,superficial,TH superficial,processes,post,32,0.9716619849205017,2
244,m466,TH,superficial,TH superficial,processes,post,39,0.9420899152755737,2
244,m466,TH,superficial,TH superficial,processes,post,40,0.8979997038841248,3
244,m466,TH,superficial,TH superficial,processes,pre,1,0.8653272390365601,7
244,m466,TH,superficial,TH superficial,processes,pre,2,0.9414944648742676,7
244,m466,TH,superficial,TH superficial,processes,pre,3,0.9657994508743286,7
244,m466,TH,superficial,TH superficial,processes,pre,4,0.9579910039901733,7
244,m466,TH,superficial,TH superficial,processes,pre,10,0.924964427947998,7
244,m466,TH,superficial,TH superficial,processes,pre,12,0.9580459594726562,7
244,m466,TH,superficial,TH superficial,processes,pre,17,0.9707667231559753,7
244,m466,TH,superficial,TH superficial,processes,pre,18,0.9781376719474792,6
244,m466,TH,superficial,TH superficial,processes,pre,21,0.9701036214828491,7
244,m466,TH,superficial,TH superficial,processes,pre,22,0.9841822981834412,7
244,m466,TH,superficial,TH superficial,processes,pre,30,0.9798957705497742,7
244,m466,TH,superficial,TH superficial,processes,pre,31,0.9851842522621155,7
244,m466,TH,superficial,TH superficial,processes,pre,32,0.9827921986579895,7
244,m466,TH,superficial,TH superficial,processes,pre,39,0.9657447934150696,7
244,m466,TH,superficial,TH superficial,processes,pre,40,0.9612764120101929,7
